"Genotype","SbDiv_2021_spatially_corrected_blues","SAP_Spatially_Corrected_blues","In_Snplines"
"BTx3197",65.4327259708403,NA,"Yes"
"BTx378",69.5655168982479,NA,"Yes"
"BTx399",66.6490106823702,NA,"Yes"
"BTx643",65.9860018146573,NA,"No"
"BTx645",69.8233561702209,NA,"Yes"
"check",NA,59.9035611155399,"No"
"Comb7078",62.0668987330766,NA,"Yes"
"commercialUNL",NA,52.5476168002116,"No"
"Day",64.18109394302,NA,"Yes"
"ElMota",66.7356284981557,NA,"Yes"
"FeteritaGishesh",55.1492052161957,NA,"Yes"
"Intercept",125.939338528805,NA,"No"
"PI152651",55.2768743294485,46.5347177926501,"Yes"
"PI153844",66.0151284587937,NA,"Yes"
"PI153846",65.1332114041644,NA,"Yes"
"PI153852",65.9948200662086,NA,"No"
"PI17548",63.4423829283937,52.3141897987506,"No"
"PI22326",73.757161718609,NA,"Yes"
"PI24969",75.8253062163969,70.878155978181,"Yes"
"PI260213",64.9111620618722,NA,"No"
"PI276837",85.7130758471011,NA,"Yes"
"PI329440",67.0499703977598,52.3513600389468,"No"
"PI34911",72.3586159312107,82.2087764371204,"Yes"
"PI35038",NA,66.3848685310727,"No"
"PI48770",71.4696935699644,65.6344091721022,"Yes"
"PI533745",68.2506434339881,NA,"No"
"PI533746",58.4351404981877,NA,"Yes"
"PI533747",61.0264975740056,NA,"Yes"
"PI533749",69.4388739306824,NA,"Yes"
"PI533750",66.2978941121712,51.3645596436254,"Yes"
"PI533751",64.7818805814305,NA,"Yes"
"PI533752",66.4631818156187,66.7231885390931,"Yes"
"PI533753",65.6576913719975,NA,"Yes"
"PI533754",63.9985316962098,46.9568735042032,"Yes"
"PI533755",74.8339854597736,63.0446232965619,"Yes"
"PI533756",74.107982115907,NA,"No"
"PI533757",66.9937500278038,58.9450999608241,"Yes"
"PI533758",64.7389679806883,53.8678336033171,"Yes"
"PI533759",63.4665559482596,51.5179535136978,"Yes"
"PI533760",65.677661695407,61.1300127650665,"Yes"
"PI533761",75.2834390462719,67.8382735504794,"Yes"
"PI533762",61.1841648355967,53.2755367220697,"Yes"
"PI533763",54.6025647057518,NA,"Yes"
"PI533764",67.7633512591501,NA,"Yes"
"PI533765",66.6551526600421,NA,"Yes"
"PI533766",63.8677278100518,52.0889460571735,"Yes"
"PI533767",64.2463609690815,NA,"Yes"
"PI533768",61.1580754743562,NA,"No"
"PI533769",58.5767409365221,40.5706699070835,"Yes"
"PI533770",61.2537098340361,NA,"Yes"
"PI533771",60.7264799084299,NA,"Yes"
"PI533772",59.4058126502072,NA,"Yes"
"PI533773",64.385381156445,NA,"Yes"
"PI533774",62.4242007602376,NA,"Yes"
"PI533775",66.1084931694939,NA,"Yes"
"PI533776",64.7336815058012,51.8438688390147,"Yes"
"PI533777",62.6189555061275,NA,"Yes"
"PI533778",59.9303527418432,NA,"Yes"
"PI533779",57.3075867289518,NA,"Yes"
"PI533780",56.09133694617,NA,"Yes"
"PI533781",61.3596143475806,NA,"Yes"
"PI533782",51.4685589254745,NA,"No"
"PI533783",59.6078670067802,NA,"Yes"
"PI533784",61.8243038170356,NA,"Yes"
"PI533785",66.7649867826287,52.5204698969448,"Yes"
"PI533786",67.7615533322496,NA,"Yes"
"PI533787",61.589133595719,NA,"Yes"
"PI533788",65.9867353649629,51.2653887707406,"Yes"
"PI533789",71.0114184028868,58.9798212781086,"Yes"
"PI533790",55.2720754686036,NA,"Yes"
"PI533791",53.9673640986739,NA,"Yes"
"PI533792",61.3681184223717,60.849127563791,"Yes"
"PI533793",71.8364192751326,NA,"Yes"
"PI533794",66.7107058023451,60.9924407866804,"Yes"
"PI533795",66.5873542986795,NA,"Yes"
"PI533796",60.862747324189,NA,"Yes"
"PI533797",78.6272303658552,NA,"Yes"
"PI533798",60.6573061366789,NA,"Yes"
"PI533799",67.3640081675579,61.8189728914682,"Yes"
"PI533800",70.7616681208814,67.0567234739409,"Yes"
"PI533801",78.0346547468952,NA,"Yes"
"PI533802",61.8506690920659,NA,"No"
"PI533803",52.3001566590075,NA,"Yes"
"PI533804",54.2980964584272,NA,"Yes"
"PI533805",62.798137703461,NA,"Yes"
"PI533807",70.0848474047866,67.844471333172,"Yes"
"PI533808",62.9592288424874,NA,"Yes"
"PI533809",63.5941188696899,NA,"Yes"
"PI533810",77.5214051968543,63.3059874645085,"Yes"
"PI533811",63.9944745420447,NA,"Yes"
"PI533812",72.3971493104628,NA,"Yes"
"PI533813",69.7406437389365,NA,"No"
"PI533814",78.9229745077867,66.1586228783541,"Yes"
"PI533815",62.0863165276933,NA,"Yes"
"PI533816",63.0639272684914,NA,"No"
"PI533817",65.1983582662614,NA,"Yes"
"PI533818",63.4505737380712,NA,"Yes"
"PI533819",58.9558125261894,NA,"Yes"
"PI533820",67.513899093986,NA,"No"
"PI533821",66.0308293499992,60.9678931062148,"Yes"
"PI533822",69.5396380725797,58.3901523899759,"Yes"
"PI533823",65.8825868488571,NA,"Yes"
"PI533824",77.0392244739278,65.2926431176472,"Yes"
"PI533825",66.8953565042967,NA,"Yes"
"PI533827",71.0065912008511,NA,"Yes"
"PI533828",65.3701784015736,NA,"Yes"
"PI533829",72.2641611067427,NA,"Yes"
"PI533830",62.5296640464146,49.3379482954413,"Yes"
"PI533831",73.7778717549605,61.7396431119537,"No"
"PI533832",59.8557152968731,NA,"No"
"PI533833",66.266076807294,52.6463463247662,"Yes"
"PI533834",73.2322829070892,NA,"No"
"PI533835",68.8821198807413,NA,"Yes"
"PI533836",65.5289590388228,NA,"Yes"
"PI533837",66.5421945520549,NA,"Yes"
"PI533838",55.0019407052825,46.0645839116144,"No"
"PI533839",70.7709129188582,58.2633772872695,"No"
"PI533840",58.5986134429108,NA,"Yes"
"PI533841",70.1905588016532,52.8820924075026,"Yes"
"PI533842",81.4902686952636,67.6973083942959,"Yes"
"PI533843",69.0881733677368,59.9739331281472,"Yes"
"PI533844",78.2482761782817,NA,"Yes"
"PI533845",69.3689788649506,55.225371524407,"Yes"
"PI533846",66.3407086099848,NA,"Yes"
"PI533847",64.2337647158627,NA,"No"
"PI533848",64.6164507773065,NA,"Yes"
"PI533849",62.6366448823355,NA,"No"
"PI533850",70.0459775246037,NA,"Yes"
"PI533851",74.4397065899929,NA,"Yes"
"PI533852",72.3513170176668,55.7676662818756,"Yes"
"PI533853",65.4161147102216,NA,"Yes"
"PI533854",75.4830247108942,NA,"Yes"
"PI533855",69.8509602799362,52.2282539920107,"Yes"
"PI533856",83.0444927413651,70.0445571051787,"No"
"PI533857",75.0547575019062,NA,"Yes"
"PI533858",77.8065492788609,NA,"No"
"PI533859",81.0143034249489,NA,"Yes"
"PI533860",63.1520309065399,NA,"Yes"
"PI533861",75.8620355805656,NA,"Yes"
"PI533862",53.8118896349068,NA,"No"
"PI533863",70.5918119280635,58.1119057988816,"Yes"
"PI533864",51.112579076226,NA,"Yes"
"PI533865",67.661322404231,NA,"Yes"
"PI533866",61.1033335552235,51.6669459951914,"Yes"
"PI533867",63.6411609514851,NA,"Yes"
"PI533869",70.9752131477767,58.8857894549643,"Yes"
"PI533870",59.116261183939,NA,"Yes"
"PI533871",63.618229507422,59.8197227092694,"Yes"
"PI533872",64.9359281062252,NA,"Yes"
"PI533873",61.9381718081786,NA,"Yes"
"PI533874",62.5188434134353,NA,"Yes"
"PI533876",55.1270237897431,NA,"Yes"
"PI533877",61.4390333194369,51.5819255573781,"Yes"
"PI533878",70.2056603383763,69.5356105374731,"Yes"
"PI533879",65.0742915703809,NA,"No"
"PI533880",62.308771667897,NA,"Yes"
"PI533881",67.0671390192742,NA,"Yes"
"PI533882",72.4174877589448,65.8201001863002,"Yes"
"PI533883",54.7898792911284,NA,"Yes"
"PI533884",65.3219775399259,NA,"Yes"
"PI533885",60.6247288469458,NA,"Yes"
"PI533886",66.412676005162,NA,"Yes"
"PI533887",59.611514489388,NA,"Yes"
"PI533888",69.7679047500919,NA,"Yes"
"PI533889",62.5049941022504,NA,"Yes"
"PI533890",56.9752766182461,NA,"Yes"
"PI533891",64.2151832036105,NA,"Yes"
"PI533893",70.4538103751328,NA,"Yes"
"PI533894",62.9410959326658,NA,"Yes"
"PI533895",64.0825137808085,NA,"No"
"PI533896",60.0525791443632,NA,"No"
"PI533897",62.4268770726177,NA,"Yes"
"PI533898",62.6246948086983,NA,"Yes"
"PI533899",61.3333793753529,NA,"Yes"
"PI533900",61.8997280929497,NA,"Yes"
"PI533901",69.4627299876899,57.5813445666114,"Yes"
"PI533902",74.9486159951896,70.5391640976789,"No"
"PI533903",68.0266470589663,65.4467123349188,"Yes"
"PI533904",65.9255949721298,NA,"Yes"
"PI533905",76.2807357790406,NA,"Yes"
"PI533906",73.0601304592886,NA,"Yes"
"PI533907",78.7120689535793,NA,"Yes"
"PI533908",67.204930978944,NA,"No"
"PI533909",62.8096954177445,NA,"Yes"
"PI533910",69.9268801415915,51.2763613113845,"Yes"
"PI533911",65.0949146058205,54.4810109855912,"Yes"
"PI533912",49.8259780201413,40.1929009313289,"Yes"
"PI533913",64.5288002535866,51.6477357004016,"Yes"
"PI533914",63.8730156597745,NA,"No"
"PI533915",62.442232684616,52.5997616792342,"Yes"
"PI533916",63.0475823323833,NA,"Yes"
"PI533917",61.8636282848037,NA,"Yes"
"PI533918",62.2293094093095,NA,"No"
"PI533919",67.2093355717232,58.0799387530947,"Yes"
"PI533920",63.6861166481552,NA,"Yes"
"PI533921",67.3269658469853,58.8844072341849,"Yes"
"PI533922",73.8505499074826,NA,"Yes"
"PI533923",61.5889251895441,NA,"Yes"
"PI533924",66.2971476458313,66.4576024228669,"Yes"
"PI533925",81.3738127700843,NA,"Yes"
"PI533926",57.7547347483322,NA,"Yes"
"PI533927",72.4777281432485,54.2536682093809,"No"
"PI533928",69.9238122029135,NA,"Yes"
"PI533929",67.8808733278956,NA,"Yes"
"PI533930",67.5562369124537,NA,"Yes"
"PI533931",72.6493151261132,NA,"Yes"
"PI533932",76.0555280558836,NA,"No"
"PI533933",71.883728164507,NA,"Yes"
"PI533934",72.8558891084307,NA,"Yes"
"PI533935",66.0491435774992,NA,"Yes"
"PI533936",66.8514996738621,57.4350481596598,"Yes"
"PI533937",62.9687779733836,54.3336002170768,"Yes"
"PI533938",61.5670097616207,61.4632984047967,"Yes"
"PI533939",64.3106527016401,55.2091429116502,"Yes"
"PI533940",66.0061429572028,54.3413951341149,"Yes"
"PI533941",62.9440322870027,NA,"Yes"
"PI533942",66.0623825870638,NA,"Yes"
"PI533943",70.6338763035593,59.8341947260204,"Yes"
"PI533944",68.2019959199071,NA,"Yes"
"PI533946",73.1084773221055,NA,"Yes"
"PI533947",74.2525447106464,NA,"Yes"
"PI533948",71.9952711675071,55.4526779226689,"Yes"
"PI533949",56.8510137603505,49.3598164296943,"No"
"PI533950",61.5650326018283,NA,"Yes"
"PI533952",66.8453828441741,NA,"Yes"
"PI533953",64.7090148197646,NA,"Yes"
"PI533954",62.7779139662295,51.2404163566637,"No"
"PI533955",66.1601847387513,56.8161435742486,"Yes"
"PI533956",64.5364202078375,NA,"Yes"
"PI533957",63.6971252496915,54.2981615246604,"Yes"
"PI533958",77.710162524626,NA,"Yes"
"PI533959",67.9327718660483,NA,"No"
"PI533960",61.6900782507254,NA,"Yes"
"PI533961",63.7065755485285,56.5981835145855,"Yes"
"PI533962",66.9554679089779,65.0132660006212,"Yes"
"PI533963",63.6920607767814,NA,"Yes"
"PI533964",70.4464895930403,68.7276937566257,"Yes"
"PI533965",67.4453493208204,66.9831795274267,"Yes"
"PI533966",67.85694043227,NA,"Yes"
"PI533967",78.4138638997237,66.9418285522277,"Yes"
"PI533968",60.2952988317796,NA,"Yes"
"PI533969",72.7441640775915,NA,"Yes"
"PI533970",68.217009638847,61.7206643326671,"Yes"
"PI533971",61.3577606660915,NA,"Yes"
"PI533972",73.6505580893812,66.9743987804166,"No"
"PI533973",63.0936416987959,NA,"No"
"PI533974",70.6347848060945,NA,"Yes"
"PI533975",64.1471539153713,NA,"Yes"
"PI533976",64.8924575281193,64.2614576073713,"Yes"
"PI533977",64.6379249780924,NA,"Yes"
"PI533978",58.8870569414947,NA,"Yes"
"PI533979",60.6077423530722,51.7118002766925,"Yes"
"PI533980",74.184253293472,65.6642710891025,"Yes"
"PI533981",63.7377080236175,NA,"Yes"
"PI533982",66.8859611102776,NA,"No"
"PI533983",72.4376958182005,NA,"Yes"
"PI533984",63.5598405874082,NA,"Yes"
"PI533985",65.4923418454459,58.1709028087817,"Yes"
"PI533986",65.7330113242824,58.5894818379434,"Yes"
"PI533987",57.8947062835428,49.7711653832087,"Yes"
"PI533988",60.682291939823,NA,"Yes"
"PI533989",67.7155506730407,67.3158209030565,"Yes"
"PI533990",61.5741220008805,NA,"Yes"
"PI533991",65.9963379343274,63.2561258260477,"Yes"
"PI533992",69.6201954440846,NA,"Yes"
"PI533993",62.3533667806199,NA,"No"
"PI533994",69.4262367021048,NA,"Yes"
"PI533995",61.5385237412121,NA,"Yes"
"PI533996",64.204809385911,52.1231411206362,"Yes"
"PI533997",65.0936193158856,53.8068659583893,"No"
"PI533998",72.0220211236842,49.9849852280344,"Yes"
"PI533999",65.5851873279644,NA,"Yes"
"PI534000",66.5626955934659,NA,"Yes"
"PI534001",77.6692537908606,NA,"Yes"
"PI534002",66.914209450111,NA,"Yes"
"PI534003",73.3846217464227,NA,"Yes"
"PI534004",76.8401256570802,NA,"Yes"
"PI534005",66.7396938759143,NA,"Yes"
"PI534006",82.6774026976013,NA,"Yes"
"PI534007",67.4161902556953,NA,"Yes"
"PI534008",67.2629523043716,NA,"No"
"PI534009",86.2902172392319,70.8687080998121,"Yes"
"PI534010",79.2448792919395,NA,"Yes"
"PI534011",78.209906085265,NA,"Yes"
"PI534013",84.2414894607386,NA,"Yes"
"PI534014",79.4437108460107,NA,"Yes"
"PI534015",70.1287943950694,NA,"Yes"
"PI534016",77.016110777865,NA,"No"
"PI534017",73.7994021557444,NA,"Yes"
"PI534018",69.129704417593,NA,"Yes"
"PI534019",70.4363092814578,NA,"Yes"
"PI534020",78.3741280158436,NA,"Yes"
"PI534021",86.8428733056494,76.3048063539609,"No"
"PI534022",78.8306290780737,NA,"No"
"PI534023",76.2996227714803,NA,"No"
"PI534024",80.6482245796311,NA,"Yes"
"PI534025",84.2112154762864,NA,"Yes"
"PI534026",70.4421143142477,NA,"No"
"PI534027",76.8729921471556,NA,"No"
"PI534028",74.1873363187875,61.5856762185663,"Yes"
"PI534030",69.2303513299613,NA,"Yes"
"PI534031",74.5227560048631,NA,"No"
"PI534032",70.8872483343641,NA,"Yes"
"PI534033",74.3137346683599,NA,"No"
"PI534034",69.759204869169,NA,"No"
"PI534035",83.6352478597632,NA,"Yes"
"PI534036",79.8308696135839,NA,"Yes"
"PI534037",64.4286780806872,51.2304862738339,"No"
"PI534038",68.5151712013108,NA,"Yes"
"PI534039",60.1135307019951,NA,"Yes"
"PI534040",63.3743697317716,NA,"Yes"
"PI534041",68.103739149205,NA,"No"
"PI534042",56.879845634896,NA,"No"
"PI534043",65.8191672746397,NA,"Yes"
"PI534044",66.8394010348288,NA,"No"
"PI534045",64.4608887832982,NA,"Yes"
"PI534046",64.1673564749664,53.1591254934409,"Yes"
"PI534047",52.7920632402372,46.964333876348,"Yes"
"PI534048",77.6679581777134,NA,"Yes"
"PI534049",66.749798151019,NA,"Yes"
"PI534050",63.8017261171276,NA,"Yes"
"PI534051",70.8663993022034,NA,"Yes"
"PI534052",67.592498655855,NA,"No"
"PI534053",71.9534162661726,65.0115515188983,"Yes"
"PI534054",75.532395376984,68.1351095249786,"No"
"PI534055",65.0655431689786,NA,"Yes"
"PI534056",66.9101754791054,NA,"Yes"
"PI534057",64.671215723607,NA,"Yes"
"PI534058",59.8195776837772,NA,"Yes"
"PI534059",62.2602871860905,NA,"Yes"
"PI534060",61.4855859331563,NA,"No"
"PI534061",62.5154118886143,NA,"No"
"PI534062",76.1719063523021,NA,"Yes"
"PI534063",NA,64.075212055066,"No"
"PI534064",57.6791164402064,NA,"Yes"
"PI534065",62.2877635563648,NA,"Yes"
"PI534066",64.96080424851,NA,"No"
"PI534067",67.0309447378497,NA,"Yes"
"PI534068",69.5331010996069,NA,"Yes"
"PI534069",65.1944460440357,NA,"Yes"
"PI534070",60.0775173923376,44.2671453675122,"Yes"
"PI534071",61.5522537361639,NA,"Yes"
"PI534072",61.4732731877263,NA,"No"
"PI534073",57.3468093471402,NA,"Yes"
"PI534074",71.7627957411771,NA,"Yes"
"PI534075",61.6402347814914,52.3562191005111,"No"
"PI534076",63.5732839419521,NA,"Yes"
"PI534077",63.2839469138675,NA,"Yes"
"PI534078",58.2139624253607,NA,"Yes"
"PI534079",64.3638603119671,54.1429242894148,"No"
"PI534080",61.0883575060969,NA,"Yes"
"PI534081",64.8360540503424,NA,"Yes"
"PI534082",62.8164416120349,NA,"No"
"PI534083",69.2284621926027,NA,"Yes"
"PI534084",58.6818748287929,NA,"Yes"
"PI534085",60.7120659598864,NA,"No"
"PI534086",68.408765137172,NA,"No"
"PI534087",74.0190994043958,NA,"Yes"
"PI534088",68.037024791282,53.3732577592832,"Yes"
"PI534089",70.5626116631054,NA,"Yes"
"PI534090",61.8400710881445,NA,"Yes"
"PI534091",60.1309778062101,NA,"Yes"
"PI534092",65.0624847282768,58.9172925309049,"Yes"
"PI534093",60.7831234241943,NA,"No"
"PI534094",68.9937720697946,NA,"Yes"
"PI534095",63.9387524512824,NA,"Yes"
"PI534096",73.185874719498,43.4008021234575,"Yes"
"PI534097",66.1590240178525,53.3137186243172,"Yes"
"PI534098",64.0992446789366,NA,"Yes"
"PI534099",63.5369700670908,58.952369388381,"Yes"
"PI534100",70.8553938129597,NA,"Yes"
"PI534101",67.2311158719352,57.5551230498805,"Yes"
"PI534102",63.3776836953333,NA,"Yes"
"PI534103",63.1706114180105,NA,"Yes"
"PI534104",65.5918386840211,58.9603422306876,"Yes"
"PI534105",65.4124507380298,60.1056290459143,"Yes"
"PI534106",64.4416789339325,NA,"Yes"
"PI534107",66.5791360384437,NA,"Yes"
"PI534108",66.7935599852584,59.2230829337262,"Yes"
"PI534109",67.9696963660082,NA,"Yes"
"PI534110",66.1722907859652,NA,"No"
"PI534111",64.4260182084035,NA,"No"
"PI534112",67.5502985825346,65.4499192623775,"Yes"
"PI534113",70.2445423555862,NA,"Yes"
"PI534114",68.6014337418108,62.7816055774188,"Yes"
"PI534115",64.9909452570425,58.7485568670575,"Yes"
"PI534116",65.8888904654863,55.1408062228025,"No"
"PI534117",63.3156012238436,53.1458298095044,"No"
"PI534118",71.9236882261997,NA,"Yes"
"PI534119",64.523344363255,NA,"No"
"PI534120",76.1225712674828,NA,"Yes"
"PI534121",69.679840357221,NA,"Yes"
"PI534122",72.2601590463827,NA,"Yes"
"PI534123",63.7574290256606,60.582228888432,"Yes"
"PI534124",64.865015723906,54.6669363725592,"Yes"
"PI534125",75.9849243279048,NA,"Yes"
"PI534126",66.6778196215291,NA,"No"
"PI534127",68.4470101863433,58.714389690874,"Yes"
"PI534128",71.1647943632478,64.5361250799022,"Yes"
"PI534129",78.0983226017632,NA,"Yes"
"PI534130",70.1072398333473,NA,"Yes"
"PI534131",75.195473195619,NA,"No"
"PI534132",67.6793414246634,58.5939090446837,"Yes"
"PI534133",72.5800621764985,68.2094811060226,"Yes"
"PI534134",68.6881597790959,NA,"No"
"PI534135",76.8395453131572,77.714356030355,"Yes"
"PI534136",75.2153491789814,NA,"Yes"
"PI534137",72.6532158493845,56.1145643418516,"Yes"
"PI534139",58.8859897191933,51.3001390821606,"Yes"
"PI534140",64.032370948726,NA,"No"
"PI534141",69.7696982063488,NA,"Yes"
"PI534142",63.7819616398786,NA,"Yes"
"PI534143",66.7211361032907,NA,"No"
"PI534144",69.735462963922,63.9240944511782,"Yes"
"PI534145",57.8819484503041,49.753080178919,"No"
"PI534146",66.1648542256202,NA,"Yes"
"PI534147",64.2500061898223,NA,"Yes"
"PI534148",67.3952776389213,53.4678236537943,"Yes"
"PI534149",65.6346556812389,NA,"No"
"PI534150",74.0446781203516,NA,"No"
"PI534151",69.2167626139739,NA,"Yes"
"PI534152",66.8422677336764,NA,"No"
"PI534153",59.8260535088381,NA,"Yes"
"PI534154",75.3616600967048,NA,"Yes"
"PI534155",75.8083161146823,63.4165281229141,"Yes"
"PI534156",74.9861065843448,NA,"Yes"
"PI534157",70.8756922988879,53.9770861869616,"Yes"
"PI534158",65.4773723700605,NA,"Yes"
"PI534159",75.638173145031,NA,"Yes"
"PI534160",65.5149173849751,NA,"Yes"
"PI534161",87.145290003972,NA,"Yes"
"PI534162",69.6900951019213,NA,"Yes"
"PI534163",70.4132721861256,64.602516742808,"Yes"
"PI534164",64.1243306607131,NA,"Yes"
"PI534165",68.4463376053629,NA,"Yes"
"PI534166",57.4265920656104,NA,"Yes"
"PI534167",67.6649816944947,53.4079046164748,"Yes"
"PI542406",79.0781681135025,83.2996230523438,"Yes"
"PI542718",62.554102799464,54.9204819571831,"No"
"PI548797",68.6705795837931,65.7685882118708,"Yes"
"PI552856",NA,67.6446330142802,"No"
"PI552861",65.4491338403851,57.5199966610436,"Yes"
"PI561071",77.202035810027,65.1159531801823,"Yes"
"PI561072",70.928067695667,61.3099779310107,"Yes"
"PI561073",78.2825546039942,66.7092910673652,"Yes"
"PI561472",75.4070503481939,76.2373734496414,"No"
"PI564163",64.7538610336322,58.8415645306897,"Yes"
"PI564164",73.7521229805932,62.1958740354313,"Yes"
"PI564165",77.8757375371171,67.4057005884904,"Yes"
"PI565121",65.8065446241007,61.8895585390214,"No"
"PI566819",NA,81.4403825971301,"No"
"PI574455",72.3096367595453,68.1230404054267,"Yes"
"PI576130",76.5013897943553,75.6019638587056,"No"
"PI576328",65.3660063554774,NA,"Yes"
"PI576329",65.5686666236797,NA,"Yes"
"PI576330",70.7050975304572,NA,"No"
"PI576331",83.4309318055528,NA,"Yes"
"PI576332",57.9963482340529,47.0785177946981,"No"
"PI576333",68.7651775857287,60.2964507579631,"Yes"
"PI576334",51.3652826061251,NA,"No"
"PI576335",63.8788905343637,NA,"Yes"
"PI576336",60.0588335764238,NA,"Yes"
"PI576337",64.3084671967144,54.9267770900802,"No"
"PI576338",65.9321244849808,NA,"Yes"
"PI576339",63.3672881747168,54.5022186824478,"Yes"
"PI576340",69.7243863284736,62.8656325040848,"Yes"
"PI576341",59.0733632312569,NA,"No"
"PI576342",58.3879103414216,NA,"No"
"PI576343",64.2785215755297,NA,"Yes"
"PI576344",67.5435215143923,NA,"Yes"
"PI576345",70.1459631728644,60.6426914123114,"Yes"
"PI576346",58.4281248468936,NA,"Yes"
"PI576347",53.9973007247097,46.5908640425321,"Yes"
"PI576348",65.4261854240694,70.7844616884495,"No"
"PI576349",64.7040888035431,57.8011292150051,"Yes"
"PI576350",NA,47.2391085221631,"No"
"PI576351",58.4850109842214,NA,"Yes"
"PI576352",68.9652648084837,52.9117712822746,"Yes"
"PI576353",64.1948037722804,NA,"Yes"
"PI576354",71.3655548866635,NA,"No"
"PI576355",62.071984079092,NA,"No"
"PI576356",64.0362566698063,NA,"No"
"PI576357",61.5021107539871,NA,"No"
"PI576358",70.264907132704,NA,"Yes"
"PI576359",75.9633682572914,64.2697285480984,"Yes"
"PI576360",76.6478092278339,NA,"Yes"
"PI576361",67.9544017374712,NA,"Yes"
"PI576362",77.4067582113736,NA,"Yes"
"PI576363",64.6942498328541,NA,"Yes"
"PI576364",62.1595724448548,52.2703736864898,"Yes"
"PI576365",69.7151482639997,NA,"Yes"
"PI576366",59.1802773986205,51.6022919680237,"Yes"
"PI576367",68.0847903505194,NA,"Yes"
"PI576368",68.0169862377964,NA,"Yes"
"PI576369",69.8741068907169,NA,"Yes"
"PI576370",65.6492056783973,NA,"Yes"
"PI576371",62.5030379665453,NA,"Yes"
"PI576372",68.8139181048405,NA,"Yes"
"PI576373",66.9600637079078,58.2454343391013,"Yes"
"PI576374",73.2640259826974,NA,"Yes"
"PI576375",67.8840286192255,53.9569928515313,"Yes"
"PI576376",66.8339303134395,56.2728665435925,"Yes"
"PI576377",72.7570405975289,NA,"No"
"PI576378",68.8307017293296,NA,"Yes"
"PI576379",71.063602655304,NA,"No"
"PI576380",70.8857206408773,65.9869447405103,"No"
"PI576381",74.0612704676085,60.3399953453189,"No"
"PI576382",58.6982145418047,NA,"Yes"
"PI576383",57.8840856008756,NA,"Yes"
"PI576385",59.5016265233862,50.7752006137195,"Yes"
"PI576386",76.0093705575093,71.4236378484692,"Yes"
"PI576387",61.3645089388498,52.9190064384115,"Yes"
"PI576389",66.1103697345234,NA,"Yes"
"PI576390",61.7337394413752,50.2461804825484,"Yes"
"PI576391",72.047144515446,68.1131534670556,"Yes"
"PI576392",61.4460459032243,NA,"Yes"
"PI576393",60.8056516889226,53.5264865990715,"Yes"
"PI576394",66.4796625675422,51.5004598112518,"Yes"
"PI576395",62.4759559249251,NA,"Yes"
"PI576396",67.5636615310867,63.2046432367141,"Yes"
"PI576397",69.0024522425817,NA,"Yes"
"PI576398",72.5984256929948,NA,"Yes"
"PI576399",65.5406558818919,52.2048342300264,"Yes"
"PI576400",64.9260797606604,NA,"Yes"
"PI576401",79.2830010015719,69.4156703805228,"Yes"
"PI576402",75.0732636547684,NA,"Yes"
"PI576403",74.8023209784521,NA,"Yes"
"PI576404",58.3108880598286,NA,"Yes"
"PI576405",72.4884352703271,NA,"Yes"
"PI576406",74.1520652561326,NA,"Yes"
"PI576407",75.1159257315093,NA,"Yes"
"PI576408",64.1016225607003,NA,"Yes"
"PI576409",61.1233910610708,NA,"Yes"
"PI576410",66.6366388771283,NA,"Yes"
"PI576411",73.7716038207442,NA,"Yes"
"PI576412",70.4523650994751,NA,"Yes"
"PI576413",65.4067516871324,NA,"Yes"
"PI576414",64.8059125241589,NA,"Yes"
"PI576415",55.6093425906876,NA,"Yes"
"PI576416",58.0039628284201,NA,"Yes"
"PI576417",67.5500063264749,NA,"Yes"
"PI576418",75.855469726668,59.3296538668751,"Yes"
"PI576419",57.2770415687397,NA,"Yes"
"PI576420",59.8834395069891,NA,"Yes"
"PI576421",64.2106237656841,NA,"Yes"
"PI576422",68.7752744590257,58.3525065204937,"No"
"PI576423",72.4592362165343,NA,"No"
"PI576424",78.3190330148881,NA,"Yes"
"PI576425",65.7924011543159,57.583906759078,"Yes"
"PI576426",71.9889555428688,65.3902763103549,"No"
"PI576427",59.3330996536907,NA,"Yes"
"PI576428",69.0471557680054,61.1531789421318,"No"
"PI576429",65.0250449105484,NA,"Yes"
"PI576430",61.2603451583422,NA,"Yes"
"PI576431",61.7939004486272,NA,"Yes"
"PI576432",59.2007224623555,NA,"Yes"
"PI576433",72.0885794620346,NA,"Yes"
"PI576434",79.9365664464318,77.0187978319216,"Yes"
"PI576435",67.0849437930688,61.8483575282014,"Yes"
"PI576436",68.3935789260924,NA,"Yes"
"PI576437",64.1387431855719,52.3395642360578,"Yes"
"PI585291",NA,61.4659963189934,"No"
"PI585295",64.8617564907742,73.7684916096617,"Yes"
"PI595699",75.9277714862534,60.8611247858691,"Yes"
"PI595700",80.0181045090921,NA,"Yes"
"PI595701",62.5248725158254,NA,"Yes"
"PI595702",63.7756547868711,53.011994485819,"No"
"PI595703",75.6060004431356,NA,"No"
"PI595704",73.1578347386592,NA,"Yes"
"PI595705",62.8839517780011,NA,"Yes"
"PI595706",65.7392839257869,NA,"Yes"
"PI595708",65.7672029639839,NA,"No"
"PI595709",64.3920317011372,NA,"No"
"PI595710",72.232338338758,NA,"No"
"PI595711",72.0783790509286,NA,"Yes"
"PI595712",58.07839068879,NA,"Yes"
"PI595713",70.1303478640141,NA,"Yes"
"PI595714",61.8861291784925,53.267888024029,"Yes"
"PI595715",60.6429094214846,NA,"Yes"
"PI595716",59.9241792676551,NA,"Yes"
"PI595717",70.6174773052153,NA,"Yes"
"PI595718",58.6166304989349,49.0223689656673,"Yes"
"PI595719",82.1571640443595,NA,"Yes"
"PI595720",62.3977321912286,50.6719164637626,"Yes"
"PI595721",63.2232417220709,NA,"Yes"
"PI595722",67.3539591356106,NA,"Yes"
"PI595723",61.1471969763171,NA,"No"
"PI595724",68.0612494210738,NA,"Yes"
"PI595725",64.2075100275485,NA,"Yes"
"PI595726",67.2674303725048,NA,"Yes"
"PI595727",62.7724790543404,NA,"Yes"
"PI595728",76.7218148595715,NA,"Yes"
"PI595729",59.4412122025014,NA,"Yes"
"PI595730",50.0189197366148,NA,"Yes"
"PI595731",71.973571804439,NA,"Yes"
"PI595732",69.4369742421836,NA,"Yes"
"PI595733",65.4332600123038,NA,"Yes"
"PI595734",64.7372710249374,NA,"Yes"
"PI595735",65.5947842295606,NA,"Yes"
"PI595736",62.9555562690939,NA,"Yes"
"PI595737",64.8401427833009,NA,"No"
"PI595738",68.1506910558514,NA,"Yes"
"PI595739",68.6015002902653,66.27190942389,"Yes"
"PI595740",72.5178696535835,67.9546075365381,"Yes"
"PI595741",65.9191893357815,52.6107540154989,"Yes"
"PI595742",68.2923776324117,NA,"No"
"PI595743",75.5943846474888,67.7012174490177,"Yes"
"PI595744",64.7646105315071,52.1252487889335,"Yes"
"PI595745",NA,59.0161960482088,"No"
"PI595746",72.286394918266,NA,"Yes"
"PI595747",61.9453308973084,NA,"Yes"
"PI595748",76.2982587896792,NA,"Yes"
"PI597943",76.2671780283151,NA,"Yes"
"PI597944",66.6422360608156,NA,"Yes"
"PI597945",62.7224017295738,58.1465683185618,"Yes"
"PI597946",61.971460062186,51.5262243392221,"No"
"PI597947",62.1510799209675,NA,"Yes"
"PI597949",78.4045420538272,67.4210118597523,"Yes"
"PI597950",63.8871032032538,51.8886142858971,"No"
"PI597951",67.064246873707,53.3203616554379,"Yes"
"PI597952",62.6045751637658,53.6273251690579,"Yes"
"PI597953",54.9275159691595,NA,"Yes"
"PI597954",63.884395960817,NA,"Yes"
"PI597955",61.10735410647,NA,"No"
"PI597956",62.000752764392,NA,"Yes"
"PI597957",66.6482731609349,51.166852651468,"Yes"
"PI597958",67.1655604566669,62.2752719598308,"Yes"
"PI597959",58.6164129722018,NA,"Yes"
"PI597960",71.9431498740398,67.0503632335826,"Yes"
"PI597961",63.7901658272954,60.85576299621,"Yes"
"PI597962",67.24118669431,NA,"Yes"
"PI597963",63.4969068514686,NA,"No"
"PI597964",73.2007946083545,69.9504820547835,"No"
"PI597965",61.424270823414,53.3237421839597,"Yes"
"PI597966",66.192444753905,59.7074469774211,"Yes"
"PI597967",67.9876616015915,NA,"Yes"
"PI597968",61.8115849269201,50.390394147637,"Yes"
"PI597969",68.485008241286,NA,"Yes"
"PI597970",61.1631263840155,NA,"Yes"
"PI597971",65.751893830588,51.9426303649602,"Yes"
"PI597972",64.029358771563,51.0643013289314,"Yes"
"PI597973",68.690694606038,61.5520025981576,"Yes"
"PI597974",57.6034277429597,NA,"Yes"
"PI597975",58.3101808534936,NA,"Yes"
"PI597976",61.6182334695506,51.7805663047614,"Yes"
"PI597977",51.0737757345414,NA,"Yes"
"PI597978",65.3444463848649,NA,"No"
"PI597979",60.5259155993959,NA,"No"
"PI597980",60.7062224247134,51.9593065953722,"Yes"
"PI597981",58.6025620264483,NA,"Yes"
"PI597982",59.688049630332,44.54755828078,"Yes"
"PI598070",NA,65.4208237569832,"No"
"PI601816",67.6111037891479,72.0651196099713,"Yes"
"PI607931",73.8966016055481,63.9043504153556,"Yes"
"PI609456",68.6000356991298,76.4713406196094,"Yes"
"PI613536",69.444800545594,56.9366726530312,"Yes"
"PI629034",66.6730982635934,63.5726698275265,"Yes"
"PI629040",75.853989290502,63.358210353787,"Yes"
"PI629059",67.0121556778239,63.9341160948201,"Yes"
"PI641824",NA,73.3194463018674,"No"
"PI641836",NA,79.4266344555832,"No"
"PI641849",59.7275733479425,47.5542026463209,"Yes"
"PI641874",66.3587698910334,51.6230138069426,"Yes"
"PI642791",67.6506564931467,63.8676818368786,"No"
"PI642793",66.2022806948384,54.9756368165705,"Yes"
"PI642992",68.4057970429282,73.8646350383258,"No"
"PI642998",66.1850999846654,56.3514532744427,"Yes"
"PI651496",82.806171509813,81.3348739740273,"Yes"
"PI653616",NA,75.3996283707817,"No"
"PI653617",NA,58.2053988951152,"No"
"PI655970",77.0155507379786,70.488305941953,"Yes"
"PI655971",59.4737265522076,50.805011489665,"No"
"PI655972",71.6505885509912,64.6891176486732,"Yes"
"PI655973",68.6576193953363,61.0819168237498,"Yes"
"PI655974",69.655876970667,60.2118057657758,"Yes"
"PI655975",68.9442180035289,61.2613204187895,"Yes"
"PI655976",66.4524239562849,58.3839194269617,"Yes"
"PI655977",66.3080493199069,57.6068302154073,"No"
"PI655978",68.5408214295584,64.6026299691617,"No"
"PI655979",65.3164378565182,53.4690599156457,"Yes"
"PI655980",NA,54.2523626103261,"No"
"PI655981",67.7830991478588,65.9364585641392,"Yes"
"PI655982",NA,54.382949076186,"No"
"PI655983",NA,74.0334536464129,"No"
"PI655984",NA,54.7908901525463,"No"
"PI655985",NA,61.6075301228178,"No"
"PI655986",69.0075389302031,64.7090201872521,"Yes"
"PI655987",64.3991279462147,51.9303884741298,"Yes"
"PI655988",NA,54.920945086553,"No"
"PI655989",NA,53.8999948238641,"No"
"PI655990",NA,53.7210019791744,"No"
"PI655991",NA,60.9539873955606,"No"
"PI655992",65.4694639084383,56.0219578575333,"Yes"
"PI655993",65.5886954463728,59.6524617345733,"Yes"
"PI655994",64.5301198906779,54.8916965394763,"Yes"
"PI655995",76.7690606709089,61.3417131239788,"Yes"
"PI655996",68.9937047260088,68.8227346422052,"No"
"PI655997",65.8993365515557,62.8565138067697,"Yes"
"PI655998",62.1315796277399,52.636936922006,"Yes"
"PI655999",68.2357805073436,55.5400258641607,"Yes"
"PI656000",63.6914539952545,54.1333814227974,"Yes"
"PI656001",79.7606622882125,65.0325056736802,"Yes"
"PI656002",67.6393232506122,61.2723573725712,"Yes"
"PI656003",73.0933852415728,62.1204034219702,"Yes"
"PI656004",69.7159144038693,65.6225278053121,"Yes"
"PI656005",66.4365887499536,51.2742765299935,"Yes"
"PI656006",71.8707269090786,67.4847534490142,"Yes"
"PI656007",67.1841160331391,61.6269945785412,"Yes"
"PI656008",69.5746395937273,65.1586103924981,"Yes"
"PI656009",74.6077357244938,63.0638231043431,"Yes"
"PI656010",67.1042776448154,68.3776609074938,"Yes"
"PI656011",75.2502939976872,71.194846916445,"Yes"
"PI656012",77.7718356134768,71.2753104433684,"Yes"
"PI656013",66.0157967357997,62.1189296375547,"Yes"
"PI656014",76.0973529672022,59.1454857828888,"Yes"
"PI656015",75.5454130839077,56.2352079374983,"No"
"PI656016",65.5979302254361,63.107072558736,"Yes"
"PI656017",87.6781899802414,NA,"Yes"
"PI656018",72.223151125861,61.8446214881509,"Yes"
"PI656019",60.5319448376216,51.9725591091454,"Yes"
"PI656020",65.1177732478543,52.1342980083644,"Yes"
"PI656021",62.393136425361,NA,"No"
"PI656022",63.4761712470615,65.2324237628775,"Yes"
"PI656023",67.1085254014653,60.6595377588666,"No"
"PI656024",75.0337582111189,68.4484419824982,"Yes"
"PI656025",69.1290116358917,53.9376607217919,"Yes"
"PI656026",70.2765543922001,66.013010738907,"Yes"
"PI656027",72.6658282761156,65.8959741827621,"Yes"
"PI656028",76.6008090454004,69.5586155800469,"Yes"
"PI656029",72.8118798516012,64.8425804008086,"No"
"PI656030",57.9697266349784,NA,"Yes"
"PI656031",65.3033874266495,59.5943819815837,"Yes"
"PI656032",80.7084130176182,76.6151903037347,"Yes"
"PI656033",NA,68.5938536447165,"No"
"PI656034",74.7264250417507,71.3225897109291,"Yes"
"PI656035",64.4440892551636,56.2617491844021,"Yes"
"PI656036",74.3888576937139,75.0358480866691,"Yes"
"PI656037",72.0433307123126,64.5110971652364,"Yes"
"PI656038",NA,77.9523148960307,"No"
"PI656039",68.5069075387694,66.8535061698467,"No"
"PI656040",74.1816730613284,68.07941154753,"Yes"
"PI656041",74.3674542207954,71.2112459402335,"Yes"
"PI656042",73.1945400384531,62.7220330360543,"Yes"
"PI656043",60.6195048925433,71.4199332095756,"Yes"
"PI656044",71.6834623110047,68.4667388083297,"Yes"
"PI656046",67.3124220059566,57.913480995529,"No"
"PI656047",NA,73.7410173325839,"No"
"PI656048",74.2024914614003,69.5460417613059,"Yes"
"PI656049",73.6512260543508,64.855841392319,"No"
"PI656050",66.2691039398666,56.7859390445953,"Yes"
"PI656051",76.1505665418855,74.7914135555228,"Yes"
"PI656052",62.7587282722347,51.8462786284831,"Yes"
"PI656053",70.6402806279836,69.47540699693,"Yes"
"PI656055",66.1237096320862,58.8151348022856,"Yes"
"PI656056",72.6028739063106,64.406902190398,"Yes"
"PI656057",76.8071548741598,83.0558858728382,"Yes"
"PI656058",69.2177943059739,67.8585162673604,"Yes"
"PI656059",72.4559782099719,73.2149962287322,"Yes"
"PI656060",64.402651729749,53.9160048369136,"Yes"
"PI656061",77.2996843656559,72.5897925833241,"Yes"
"PI656062",75.5534923626363,71.4042512043977,"Yes"
"PI656063",67.2876451167845,NA,"Yes"
"PI656064",NA,74.8419309277394,"No"
"PI656068",72.3253892872776,67.514697424046,"Yes"
"PI656069",80.8992162851653,74.7236659325836,"Yes"
"PI656070",69.3248638219856,67.0508917339636,"Yes"
"PI656071",74.2795683622234,67.8126835708317,"Yes"
"PI656072",80.2755649649519,81.468682894098,"Yes"
"PI656073",78.1258773763787,46.8529488330768,"No"
"PI656074",65.9991053023175,51.8129288215464,"Yes"
"PI656075",76.067802426864,69.9660446945277,"No"
"PI656076",65.8991497462204,62.0849105369839,"Yes"
"PI656077",61.3529148766798,50.3948985559966,"Yes"
"PI656078",70.0894036885322,52.5095909715973,"Yes"
"PI656079",63.7092980086987,65.0750702790228,"Yes"
"PI656080",63.9120986877658,54.8300233827389,"Yes"
"PI656081",56.8304848838152,55.7871564019377,"No"
"PI656082",78.9942067215808,72.1934992086763,"Yes"
"PI656083",64.9277860497423,60.9120720102504,"Yes"
"PI656084",67.5435125215322,62.9617003575221,"Yes"
"PI656085",58.2645326574901,55.8278841072581,"Yes"
"PI656086",69.1426874371307,57.8256204064825,"No"
"PI656087",59.2627214707815,50.0310075478364,"Yes"
"PI656088",70.148914435231,62.6679084460868,"No"
"PI656089",62.1532966621367,50.7488251479204,"Yes"
"PI656090",66.5595570407039,51.2266704248656,"Yes"
"PI656091",78.6024439435332,78.1057588945476,"Yes"
"PI656092",79.9888138040385,76.0817564128582,"Yes"
"PI656093",68.5574957095822,60.195970796849,"Yes"
"PI656094",63.6236203588214,51.1249687268847,"Yes"
"PI656095",61.5135774574924,51.6054031260931,"Yes"
"PI656096",64.4919033643553,55.9820619658658,"Yes"
"PI656097",82.1272241364434,69.9838381628694,"Yes"
"PI656098",60.8448009160342,51.4840451451117,"Yes"
"PI656099",83.6812918875946,79.5639612205012,"No"
"PI656100",77.3688533949594,64.8814095051122,"Yes"
"PI656101",56.9128460461538,46.9986138413899,"Yes"
"PI656102",66.2974295454134,51.6641085896385,"Yes"
"PI656103",62.3752462080309,54.6669211155787,"Yes"
"PI656104",61.6814734166644,51.5671739711572,"No"
"PI656105",64.2337176804704,53.040460653441,"No"
"PI656106",68.8976092410482,63.7507728490453,"Yes"
"PI656107",74.9563421201138,73.9616236985365,"Yes"
"PI656108",60.3238795700568,49.6592772538762,"Yes"
"PI656109",60.5314286407607,51.6897447138508,"Yes"
"PI656110",66.9145741151915,59.4523473827776,"Yes"
"PI656111",73.8021608252957,63.898996841904,"No"
"PI656112",64.0708906690869,52.9879299645038,"Yes"
"PI656113",73.2678038723293,51.3996857828613,"Yes"
"PI656114",68.799493413332,53.6084610547016,"Yes"
"PI656115",69.1039374886499,58.6377694766643,"Yes"
"PI656116",60.5679053409998,46.8885506056781,"Yes"
"PI656117",72.8517266721669,65.8200986168274,"No"
"PI656118",70.5537142937842,60.6302571271289,"Yes"
"PI656119",64.27134977104,52.4512486718375,"Yes"
"PI656120",63.6660115391707,56.4992316348173,"No"
"PI656121",60.9746791071007,51.418107075292,"No"
"PI659691",75.3852215536581,76.1667305352404,"Yes"
"PI659693",50.3477336839682,48.3470830775868,"No"
"PI659694",67.181843054841,64.5494653572204,"Yes"
"PI659695",66.8552137190799,57.8884121162831,"Yes"
"PI659696",65.2209426782492,60.0936036005107,"Yes"
"PI659753",88.3811979729544,79.6644677990116,"Yes"
"RTAM2566",65.5302422752682,NA,"Yes"
"RTX2737",63.9792156848071,NA,"Yes"
"RTx2783",73.088423548835,NA,"No"
"RTx2917",68.3259144722905,NA,"Yes"
"RTx430",68.1156034785356,NA,"No"
"SanChiSan",61.7023079104473,NA,"Yes"
"SC0003",62.899562754129,NA,"Yes"
"SC0027",74.8028854613577,NA,"Yes"
"SC0041",60.3075746958535,NA,"Yes"
"SC0092",72.1450435607132,NA,"Yes"
"SC0138",62.3405052521921,NA,"Yes"
"SC0150",66.2955246940597,NA,"Yes"
"SC0156",71.3023858924667,NA,"Yes"
"SC0157",64.6099562421806,NA,"No"
"SC0159",72.6000336131732,NA,"Yes"
"SC0178",72.1419814292893,NA,"Yes"
"SC0179",65.8292318052304,NA,"Yes"
"SC0190",58.4368968227917,NA,"No"
"SC0191",63.8114739389794,NA,"Yes"
"SC0201",76.6254417842324,NA,"No"
"SC0235",73.8143441207256,NA,"Yes"
"SC0236",68.6856906706771,NA,"Yes"
"SC0247",67.721578637696,NA,"Yes"
"SC0249",64.4543243609243,NA,"Yes"
"SC0263",65.5850659633365,NA,"Yes"
"SC0266",58.0598802902614,NA,"No"
"SC0276",61.4626399370719,NA,"Yes"
"SC0287",52.7713945184858,NA,"Yes"
"SC0297",58.7372359077713,NA,"Yes"
"SC0314",64.734897851619,NA,"Yes"
"SC0343",63.2498072809175,NA,"No"
"SC0371",67.347399008919,NA,"Yes"
"SC0400",53.7912244531309,NA,"No"
"SC0409",62.7417577031671,NA,"No"
"SC0412",63.5503939713637,NA,"Yes"
"SC0436",67.232155953431,NA,"Yes"
"SC0438",65.2302367492359,NA,"Yes"
"SC0445",74.707638507722,NA,"Yes"
"SC0448",79.2783290484436,NA,"Yes"
"SC0456",65.2170367211839,NA,"Yes"
"SC0458",75.0291718800028,NA,"Yes"
"SC0463",69.9437715465375,NA,"No"
"SC0470",72.7837423357443,NA,"No"
"SC0479",82.8906079864246,NA,"Yes"
"SC0505",72.5984009821601,NA,"Yes"
"SC0517",60.7704016858174,NA,"Yes"
"SC0521",62.8906459956474,NA,"Yes"
"SC0540",60.2281518530674,NA,"Yes"
"SC0542",60.9932734891969,NA,"Yes"
"SC0547",61.594581269363,NA,"Yes"
"SC0550",62.3264948695701,NA,"Yes"
"SC0551",62.0846468460234,NA,"Yes"
"SC0556",62.6787825710819,NA,"Yes"
"SC0581",81.6729163281279,NA,"Yes"
"SC0582",77.1600478752597,NA,"Yes"
"SC0602",65.8506288652656,NA,"No"
"SC0604",59.6289237559999,NA,"Yes"
"SC0615",62.8724340342008,NA,"Yes"
"SC0616",66.2072017118351,NA,"No"
"SC0618",72.4845183894487,NA,"No"
"SC0631",63.8888839490336,NA,"Yes"
"SC0636",76.7764886613118,NA,"Yes"
"SC0640",66.5097972586107,NA,"Yes"
"SC0652",59.5588796162823,NA,"Yes"
"SC0685",59.3156647030549,NA,"Yes"
"SC0713",59.3462062385763,NA,"Yes"
"SC0741",69.4211858012593,NA,"Yes"
"SC0747",61.2278211915812,NA,"No"
"SC0753",65.7015702099838,NA,"Yes"
"SC0759",60.38573877408,NA,"Yes"
"SC0777",66.2443884409249,NA,"Yes"
"SC0814",73.8568170818406,NA,"No"
"SC0823",66.2769000994662,NA,"Yes"
"SC0834",69.3544382448067,NA,"Yes"
"SC0837",73.8260848036235,NA,"Yes"
"SC0847",63.2105097986468,NA,"Yes"
"SC0848",64.6849010588168,NA,"No"
"SC0854",65.906412361625,NA,"Yes"
"SC0858",66.9028306448429,NA,"Yes"
"SC0860",67.2059738875368,NA,"No"
"SC0864",64.0969799999159,NA,"No"
"SC0868",66.1139136971843,NA,"Yes"
"SC0870",76.3596921626453,NA,"Yes"
"SC0871",75.8545545000139,NA,"No"
"SC0877",71.3761764269157,NA,"No"
"SC0878",67.0062590937155,NA,"Yes"
"SC0893",68.5008681131275,NA,"Yes"
"SC0895",69.1531243598777,NA,"No"
"SC0914",67.2892769348722,NA,"Yes"
"SC0921",75.5804700648538,NA,"Yes"
"SC0923",71.9182794885862,NA,"No"
"SC0965",52.2368406116232,NA,"Yes"
"SC0999",72.1227471834093,NA,"Yes"
"SC1021",68.3273556258415,NA,"Yes"
"SC1023",70.287832516612,NA,"Yes"
"SC1024",71.0723241012656,NA,"Yes"
"SC1058",68.7342450556172,NA,"No"
"SC1082",52.5622285860361,NA,"Yes"
"SC1097",72.4788650933387,NA,"Yes"
"SC1107",63.4340279510033,NA,"Yes"
"SC1114",59.2789707782122,NA,"Yes"
"SC1119",65.4221212404264,NA,"Yes"
"SC1120",66.9082786998243,NA,"Yes"
"SC1133",60.5712985190866,NA,"Yes"
"SC1166",68.243048003165,NA,"Yes"
"SC1170",61.5570021676101,NA,"Yes"
"SC1178",60.3498091987209,NA,"Yes"
"SC1193",71.8467357538146,NA,"Yes"
"SC1216",71.54851971481,NA,"Yes"
"SC1442",61.8064369821102,NA,"Yes"
"SC1446",61.9870481579067,NA,"No"
"Segaolane",67.3693203592548,NA,"Yes"
"ShanQuiRed",62.3309901296359,NA,"No"
"Tx430",66.7549270553054,66.3900554859379,"No"
