SNP,CHROM,POS,P,support
Chr03_69067236,Chr03,69067236,2.53371170184844e-09,0.96
Chr04_20213075,Chr04,20213075,4.71278385295274e-08,0.18
Chr05_9183459,Chr05,9183459,1.13220044536399e-07,0.1
Chr06_39694475,Chr06,39694475,3.77938806646283e-08,0.77
Chr09_62620720,Chr09,62620720,5.93514109012873e-17,1
Chr10_59509719,Chr10,59509719,5.32167247748205e-08,0.2
Chr03_62260337,Chr03,62260337,4.86635333356661e-08,0.39
Chr05_59978242,Chr05,59978242,5.71653720532117e-08,0.33
Chr06_45403841,Chr06,45403841,1.1589635896589e-07,0.02
Chr09_1507731,Chr09,1507731,6.31578511390249e-09,0.01
Chr09_4397637,Chr09,4397637,9.65564883477569e-08,0.09
Chr01_16839293,Chr01,16839293,9.89979988318805e-08,0.07
Chr03_62300868,Chr03,62300868,9.36577634898902e-08,0.01
Chr04_62965647,Chr04,62965647,1.14995196521505e-07,0.01
Chr10_442685,Chr10,442685,4.94134315925335e-08,0.38
Chr03_79694023,Chr03,79694023,8.21548018528956e-08,0.01
Chr04_8104320,Chr04,8104320,5.21677934081798e-08,0.01
Chr05_1936557,Chr05,1936557,2.36302172047254e-07,0.01
Chr05_69713433,Chr05,69713433,5.0584410879005e-08,0.06
Chr10_12754343,Chr10,12754343,1.04621034733158e-07,0.06
Chr10_53293868,Chr10,53293868,6.71355787456148e-09,0.01
Chr02_62189024,Chr02,62189024,1.91766307296322e-07,0.04
Chr03_56680785,Chr03,56680785,7.90819757908239e-08,0.01
Chr09_56129021,Chr09,56129021,1.20618348951303e-07,0.06
Chr10_1103977,Chr10,1103977,1.04481169902978e-07,0.01
Chr10_8644843,Chr10,8644843,6.74790286808115e-08,0.01
Chr02_9507436,Chr02,9507436,2.12070530634536e-07,0.02
Chr03_5133331,Chr03,5133331,2.36729787314771e-07,0.02
Chr03_57974006,Chr03,57974006,4.89895908950848e-08,0.01
Chr03_70505575,Chr03,70505575,1.0371151698853e-07,0.02
Chr01_6814937,Chr01,6814937,1.05574230614197e-07,0.01
Chr03_6411716,Chr03,6411716,1.88340053653351e-07,0.01
Chr01_75456685,Chr01,75456685,7.68917977566261e-08,0.02
Chr03_71751460,Chr03,71751460,6.99771835462581e-08,0.07
Chr03_72404163,Chr03,72404163,8.48067289484597e-08,0.14
Chr05_14706897,Chr05,14706897,1.09924873047825e-07,0.01
Chr01_10053290,Chr01,10053290,9.96025938070314e-08,0.02
Chr05_60885465,Chr05,60885465,1.25195846059109e-07,0.01
Chr05_6202111,Chr05,6202111,9.33000665319016e-08,0.08
Chr01_2415066,Chr01,2415066,6.44908908755586e-08,0.01
Chr04_71190633,Chr04,71190633,8.27321474689057e-08,0.04
Chr05_62876906,Chr05,62876906,2.5623803829415e-07,0.01
Chr10_4292468,Chr10,4292468,6.3264442073351e-08,0.02
Chr10_61838815,Chr10,61838815,1.47018958654277e-07,0.04
Chr04_59861204,Chr04,59861204,2.84315527976215e-07,0.01
Chr08_3457884,Chr08,3457884,1.08065242064982e-07,0.09
Chr01_12767575,Chr01,12767575,3.83640097206802e-09,0.01
Chr04_8997637,Chr04,8997637,7.88657735046254e-08,0.05
Chr10_59440557,Chr10,59440557,1.09196332330495e-09,0.01
Chr06_58690196,Chr06,58690196,6.74744347243593e-09,0.01
Chr09_10783184,Chr09,10783184,5.00381515643281e-08,0.03
Chr06_39532103,Chr06,39532103,2.72577268531467e-09,0.05
Chr07_67500310,Chr07,67500310,1.9142958798432e-08,0.01
Chr02_9484481,Chr02,9484481,2.88653250640734e-07,0.01
Chr06_52760182,Chr06,52760182,3.9888211039054e-08,0.02
Chr02_56967001,Chr02,56967001,1.16895005261772e-07,0.03
Chr05_8847412,Chr05,8847412,8.6958510999852e-08,0.02
Chr05_14756426,Chr05,14756426,8.73291460170753e-09,0.02
Chr05_1999670,Chr05,1999670,5.25492373377921e-08,0.03
Chr09_4862393,Chr09,4862393,1.6583747514616e-10,0.01
Chr02_56974585,Chr02,56974585,8.0922546791504e-08,0.02
Chr10_51962200,Chr10,51962200,3.37461788436147e-08,0.01
Chr05_60307800,Chr05,60307800,2.35730478421375e-07,0.01
Chr10_51962151,Chr10,51962151,6.8086402012719e-08,0.01
Chr04_58946292,Chr04,58946292,2.39789866422902e-07,0.01
Chr05_60050436,Chr05,60050436,5.82918437379109e-08,0.01
Chr01_75454838,Chr01,75454838,3.36261718747361e-08,0.01
Chr09_61937862,Chr09,61937862,2.88000657581149e-07,0.01
Chr06_39456576,Chr06,39456576,1.83603892961238e-08,0.01
Chr01_71398670,Chr01,71398670,9.9784832402221e-11,0.01
Chr10_44820753,Chr10,44820753,5.89765844890042e-08,0.02
Chr05_74626955,Chr05,74626955,8.45957426204215e-08,0.01
Chr09_5297377,Chr09,5297377,2.05430373487288e-09,0.01
Chr09_61938306,Chr09,61938306,2.85055679803761e-07,0.01
Chr05_20320985,Chr05,20320985,9.61914742966879e-09,0.01
Chr01_75454399,Chr01,75454399,7.52323291931655e-08,0.01
Chr03_8357127,Chr03,8357127,1.25807526441526e-07,0.01
Chr05_76084203,Chr05,76084203,2.20601517537899e-07,0.01
Chr04_65441836,Chr04,65441836,1.22309207733912e-07,0.03
Chr02_56727633,Chr02,56727633,3.89122130349047e-08,0.01
Chr03_5457959,Chr03,5457959,4.25216637625212e-09,0.01
Chr06_58690421,Chr06,58690421,7.97665013187012e-08,0.03
Chr08_2943141,Chr08,2943141,1.01413898603595e-07,0.02
Chr09_3580079,Chr09,3580079,1.36447509984067e-07,0.02
Chr04_6250779,Chr04,6250779,9.12595632472675e-08,0.01
Chr06_50631565,Chr06,50631565,5.06432292003786e-08,0.02
Chr02_61026112,Chr02,61026112,9.72810127930019e-08,0.03
Chr10_53200086,Chr10,53200086,1.72472972230331e-07,0.01
Chr03_75129157,Chr03,75129157,4.68051438891244e-08,0.02
Chr08_6392334,Chr08,6392334,2.63773468682833e-07,0.01
Chr10_59429822,Chr10,59429822,3.66341203581508e-09,0.01
Chr08_5521750,Chr08,5521750,1.00392790328192e-07,0.01
Chr04_63018612,Chr04,63018612,1.55767633951632e-09,0.01
Chr01_7882265,Chr01,7882265,1.24647360609196e-08,0.01
Chr04_3777582,Chr04,3777582,8.57495336654791e-08,0.01
Chr05_73034735,Chr05,73034735,6.26619069574332e-08,0.01
Chr09_1206059,Chr09,1206059,1.01142567346462e-07,0.02
Chr06_45352261,Chr06,45352261,1.31201263881669e-07,0.01
Chr02_61071712,Chr02,61071712,2.5618068433584e-07,0.01
Chr05_9181323,Chr05,9181323,1.31355483079512e-07,0.01
Chr03_58093699,Chr03,58093699,1.51660229602389e-07,0.01
Chr09_56128996,Chr09,56128996,2.44454730658437e-07,0.01
Chr06_46598114,Chr06,46598114,2.07202009588934e-07,0.01
Chr10_47163956,Chr10,47163956,6.76655476613998e-08,0.01
Chr06_547910,Chr06,547910,5.95413275306084e-08,0.01
Chr10_2670651,Chr10,2670651,8.51048947569819e-08,0.01
Chr10_9371268,Chr10,9371268,1.88813600380966e-07,0.01
Chr02_13219741,Chr02,13219741,2.63322106234259e-07,0.01
