Plot,Genotype,Treatment,Block,Row,Column,HeadingDate
20101,PI534021,HN,2,1,40,80
20201,PI533807,HN,2,2,40,69
20301,PI533924,HN,2,3,40,68
20401,PI533831,HN,2,4,40,61
20501,PI533755,HN,2,5,40,67
20601,PI533962,HN,2,6,40,66
20701,PI533843,HN,2,7,40,60
20801,PI533800,HN,2,8,40,64
20901,PI534079,HN,2,9,40,53
21001,PI534139,HN,2,10,40,52
21101,PI534104,HN,2,11,40,60
21201,PI17548,HN,2,12,40,52
21301,PI533871,HN,2,13,40,60
21401,PI533970,HN,2,14,40,60
21501,PI533938,HN,2,15,40,61
21601,PI533794,HN,2,16,40,59
20102,PI533980,HN,2,1,41,71
20202,PI534009,HN,2,2,41,74
20302,PI533998,HN,2,3,41,52
20402,PI533972,HN,2,4,41,68
20502,PI533902,HN,2,5,41,76
20602,check,HN,2,6,41,61
20702,check,HN,2,7,41,60
20802,PI534114,HN,2,8,41,67
20902,PI533877,HN,2,9,41,51
21002,PI534137,HN,2,10,41,60
21102,PI533788,HN,2,11,41,52
21202,PI152651,HN,2,12,41,48
21302,check,HN,2,13,41,61
21402,PI533937,HN,2,14,41,60
21502,PI533976,HN,2,15,41,65
20103,PI533839,HN,2,1,42,58
20203,PI533814,HN,2,2,42,67
20303,PI534053,HN,2,3,42,67
20403,PI534133,HN,2,4,42,72
20503,PI533903,HN,2,5,42,68
20603,PI533943,HN,2,6,42,60
20703,PI533965,HN,2,7,42,69
20803,PI533863,HN,2,8,42,60
20903,PI534144,HN,2,9,42,68
21003,PI533762,HN,2,10,42,52
21103,PI533985,HN,2,11,42,60
21203,PI533855,HN,2,12,42,52
21303,PI534088,HN,2,13,42,55
21403,check,HN,2,14,42,60
21503,PI533752,HN,2,15,42,67
21603,PI534132,HN,2,16,42,60
20204,PI656003,HN,2,2,43,66
20304,PI655996,HN,2,3,43,68
20404,check,HN,2,4,43,61
20504,PI576434,HN,2,5,43,77
20604,PI576340,HN,2,6,43,61
20704,PI595740,HN,2,7,43,68
20804,PI576348,HN,2,8,43,68
20904,PI597945,HN,2,9,43,58
21004,check,HN,2,10,43,59
21104,PI597980,HN,2,11,43,52
21204,PI655979,HN,2,12,43,52
21304,PI576393,HN,2,13,43,51
21404,PI564163,HN,2,14,43,59
21504,PI576387,HN,2,15,43,52
21604,PI534167,HN,2,16,43,52
20205,PI656004,HN,2,2,44,68
20305,check,HN,2,3,44,60
20405,PI597949,HN,2,4,44,69
20505,PI534135,HN,2,5,44,80
20605,PI585295,HN,2,6,44,69
20705,PI595743,HN,2,7,44,68
20805,PI576381,HN,2,8,44,60
20905,PI542718,HN,2,9,44,55
21005,PI595744,HN,2,10,44,52
21105,PI597951,HN,2,11,44,55
21205,PI641849,HN,2,12,44,49
21305,PI655977,HN,2,13,44,58
21405,PI613536,HN,2,14,44,55
21505,PI642998,HN,2,15,44,54
21605,PI597976,HN,2,16,44,52
20206,PI576396,HN,2,2,45,67
20306,PI656002,HN,2,3,45,64
20406,PI629040,HN,2,4,45,69
20506,PI548797,HN,2,5,45,70
20606,PI576426,HN,2,6,45,69
20706,PI595699,HN,2,7,45,61
20806,PI576435,HN,2,8,45,64
20906,check,HN,2,9,45,59
21006,PI655974,HN,2,10,45,62
21106,PI576385,HN,2,11,45,51
21206,PI597946,HN,2,12,45,52
21306,PI642793,HN,2,13,45,60
21406,PI597966,HN,2,14,45,60
21506,PI655973,HN,2,15,45,60
21606,PI576437,HN,2,16,45,52
20107,PI656113,HN,2,1,46,52
20207,PI656007,HN,2,2,46,67
20307,PI656015,HN,2,3,46,52
20407,PI656061,HN,2,4,46,75
20507,PI656040,HN,2,5,46,73
20607,PI656016,HN,2,6,46,67
20707,PI656110,HN,2,7,46,58
20807,PI35038,HN,2,8,46,67
20907,PI656103,HN,2,9,46,59
21007,PI655992,HN,2,10,46,58
21107,PI656090,HN,2,11,46,52
21207,PI656050,HN,2,12,46,58
21307,check,HN,2,13,46,61
21407,PI655981,HN,2,14,46,62
21507,check,HN,2,15,46,58
21607,PI656102,HN,2,16,46,52
20108,PI656091,HN,2,1,47,80
20208,check,HN,2,2,47,60
20308,PI656069,HN,2,3,47,75
20408,PI656006,HN,2,4,47,67
20508,PI656026,HN,2,5,47,70
20608,PI656039,HN,2,6,47,72
20708,PI656034,HN,2,7,47,75
20808,PI656117,HN,2,8,47,68
20908,PI656013,HN,2,9,47,65
21008,PI655994,HN,2,10,47,59
21108,PI656035,HN,2,11,47,58
21208,PI655982,HN,2,12,47,57
21308,PI656074,HN,2,13,47,52
21408,PI659696,HN,2,14,47,62
21508,PI656046,HN,2,15,47,59
21608,PI656084,HN,2,16,47,60
20209,PI656070,HN,2,2,48,68
20309,check,HN,2,3,48,61
20409,PI656009,HN,2,4,48,64
20509,PI659694,HN,2,5,48,70
20609,PI656053,HN,2,6,48,76
20709,PI585291,HN,2,7,48,62
20809,PI656029,HN,2,8,48,67
20909,PI655991,HN,2,9,48,63
21009,PI656088,HN,2,10,48,62
21109,PI656106,HN,2,11,48,65
21209,PI655983,HN,2,12,48,74
21309,PI656043,HN,2,13,48,73
21409,PI655980,HN,2,14,48,55
21509,PI655986,HN,2,15,48,61
21609,PI656114,HN,2,16,48,54
20110,PI533927,HN,2,1,49,56
20210,PI576345,HN,2,2,49,61
20310,PI24969,HN,2,3,49,74
20410,PI533882,HN,2,4,49,69
20510,PI533878,HN,2,5,49,71
20610,PI533989,HN,2,6,49,74
20710,check,HN,2,7,49,60
20810,PI565121,HN,2,8,49,64
20910,check,HN,2,9,49,59
21010,PI533822,HN,2,10,49,58
21110,PI533757,HN,2,11,49,60
21210,PI533964,HN,2,12,49,68
21310,PI533869,HN,2,13,49,61
21410,PI534148,HN,2,14,49,55
21510,check,HN,2,15,49,59
21610,PI533901,HN,2,16,49,53
20111,PI574455,HN,2,1,50,70
20211,PI561472,HN,2,2,50,78
20311,PI48770,HN,2,3,50,68
20411,PI576130,HN,2,4,50,77
20511,PI533824,HN,2,5,50,70
20611,PI561071,HN,2,6,50,67
20711,check,HN,2,7,50,64
20811,PI534028,HN,2,8,50,64
20911,PI533845,HN,2,9,50,57
21011,PI533919,HN,2,10,50,60
21111,PI534128,HN,2,11,50,68
21211,PI534112,HN,2,12,50,67
21311,PI534157,HN,2,13,50,57
21411,PI533810,HN,2,14,50,64
21511,PI533761,HN,2,15,50,68
21611,PI534155,HN,2,16,50,64
20212,PI542406,HN,2,2,51,86
20312,PI576380,HN,2,3,51,73
20412,PI576359,HN,2,4,51,70
20512,PI533967,HN,2,5,51,69
20612,PI34911,HN,2,6,51,82
20712,PI533799,HN,2,7,51,64
20812,PI533789,HN,2,8,51,57
20912,PI533852,HN,2,9,51,56
21012,PI533856,HN,2,10,51,74
21112,PI533842,HN,2,11,51,71
21212,PI534127,HN,2,12,51,57
21312,PI533821,HN,2,13,51,61
21412,PI534054,HN,2,14,51,67
21512,PI533841,HN,2,15,51,53
21612,PI534096,HN,2,16,51,44
20113,PI656041,HN,2,1,52,74
20213,PI656024,HN,2,2,52,72
20313,PI609456,HN,2,3,52,77
20413,PI656042,HN,2,4,52,67
20513,PI642992,HN,2,5,52,72
20613,PI651496,HN,2,6,52,83
20713,PI655970,HN,2,7,52,71
20813,PI656036,HN,2,8,52,74
20913,PI576418,HN,2,9,52,64
21013,PI655978,HN,2,10,52,61
21113,PI655997,HN,2,11,52,64
21213,PI656011,HN,2,12,52,73
21313,check,HN,2,13,52,59
21413,PI576376,HN,2,14,52,58
21513,PI597973,HN,2,15,52,55
21613,PI642791,HN,2,16,52,66
20114,PI656044,HN,2,1,53,74
20214,PI597964,HN,2,2,53,74
20314,PI656008,HN,2,3,53,71
20414,check,HN,2,4,53,58
20514,PI656014,HN,2,5,53,62
20614,PI601816,HN,2,6,53,74
20714,PI576391,HN,2,7,53,68
20814,check,HN,2,8,53,57
20914,PI564164,HN,2,9,53,66
21014,PI576422,HN,2,10,53,58
21114,PI576386,HN,2,11,53,73
21214,PI607931,HN,2,12,53,64
21314,check,HN,2,13,53,60
21414,PI576401,HN,2,14,53,72
21514,PI655972,HN,2,15,53,67
21614,PI576333,HN,2,16,53,60
20115,PI595739,HN,2,1,54,74
20315,PI656028,HN,2,3,54,74
20415,PI656037,HN,2,4,54,65
20515,PI576428,HN,2,5,54,63
20615,PI656023,HN,2,6,54,61
20715,PI655995,HN,2,7,54,63
20815,PI597960,HN,2,8,54,65
20915,PI576373,HN,2,9,54,58
21015,PI534163,HN,2,10,54,64
21115,PI576375,HN,2,11,54,55
21215,PI561072,HN,2,12,54,73
21315,PI656001,HN,2,13,54,68
21415,PI655976,HN,2,14,54,58
21515,PI561073,HN,2,15,54,70
21615,PI656012,HN,2,16,54,71
20116,check,HN,2,1,55,71
20216,Tx430,HN,2,2,55,68
20316,PI656062,HN,2,3,55,76
20416,Tx430,HN,2,4,55,68
20516,PI656076,HN,2,5,55,66
20616,PI656107,HN,2,6,55,75
20716,PI656086,HN,2,7,55,58
20816,PI656064,HN,2,8,55,75
20916,PI641836,HN,2,9,55,79
21016,PI656018,HN,2,10,55,64
21116,PI655984,HN,2,11,55,56
21216,PI659695,HN,2,12,55,57
21316,PI656118,HN,2,13,55,62
21416,PI659691,HN,2,14,55,81
21516,PI656093,HN,2,15,55,61
21616,PI641824,HN,2,16,55,74
20117,PI656038,HN,2,1,56,82
20217,check,HN,2,2,56,62
20317,PI656099,HN,2,3,56,82
20417,Tx430,HN,2,4,56,73
20517,PI656051,HN,2,5,56,80
20617,PI656048,HN,2,6,56,74
20717,PI656049,HN,2,7,56,68
20817,PI655990,HN,2,8,56,56
20917,PI656082,HN,2,9,56,75
21017,PI656100,HN,2,10,56,68
21117,PI656027,HN,2,11,56,68
21217,PI656097,HN,2,12,56,75
21317,PI566819,HN,2,13,56,84
21417,check,HN,2,14,56,63
21517,PI656031,HN,2,15,56,61
21617,PI656075,HN,2,16,56,73
20118,PI656057,HN,2,1,57,87
20218,PI656083,HN,2,2,57,61
20318,PI655988,HN,2,3,57,56
20418,PI656068,HN,2,4,57,71
20518,PI656073,HN,2,5,57,45
20618,PI659753,HN,2,6,57,81
20718,PI656111,HN,2,7,57,62
20818,PI656092,HN,2,8,57,77
20918,check,HN,2,9,57,58
21018,PI656058,HN,2,10,57,68
21118,PI656059,HN,2,11,57,72
21218,PI656079,HN,2,12,57,60
21318,PI656056,HN,2,13,57,67
21418,PI656071,HN,2,14,57,67
21518,PI656072,HN,2,15,57,81
21618,PI653616,HN,2,16,57,74
20119,PI533949,HN,2,1,58,52
20219,PI534070,HN,2,2,58,48
20319,PI533915,HN,2,3,58,57
20419,PI533921,HN,2,4,58,61
20519,PI533991,HN,2,5,58,68
20619,PI533830,HN,2,6,58,51
20719,PI533948,HN,2,7,58,56
20819,PI533838,HN,2,8,58,48
20919,PI533957,HN,2,9,58,57
21019,PI533996,HN,2,10,58,52
21119,PI533766,HN,2,11,58,52
21219,check,HN,2,12,58,61
21319,PI533979,HN,2,13,58,52
21419,PI533769,HN,2,14,58,39
21519,PI329440,HN,2,15,58,52
21619,PI534097,HN,2,16,58,53
20120,PI533912,HN,2,1,59,44
20220,PI533758,HN,2,2,59,56
20320,check,HN,2,3,59,58
20420,check,HN,2,4,59,62
20520,PI533954,HN,2,5,59,53
20620,PI533750,HN,2,6,59,52
20720,PI533760,HN,2,7,59,66
20820,PI533759,HN,2,8,59,52
20920,PI533833,HN,2,9,59,52
21020,PI534092,HN,2,10,59,57
21120,PI533939,HN,2,11,59,52
21220,PI533792,HN,2,12,59,68
21320,PI533961,HN,2,13,59,56
21420,check,HN,2,14,59,58
21520,PI534075,HN,2,15,59,53
21620,PI533913,HN,2,16,59,51
20121,PI533866,HN,2,1,60,56
20221,PI533910,HN,2,2,60,52
20321,PI534037,HN,2,3,60,52
20421,PI533911,HN,2,4,60,57
20521,PI533986,HN,2,5,60,58
20621,PI533997,HN,2,6,60,56
20721,PI533955,HN,2,7,60,57
20821,PI533776,HN,2,8,60,53
20921,PI533940,HN,2,9,60,58
21021,PI533987,HN,2,10,60,52
21121,PI533754,HN,2,11,60,48
21221,PI534047,HN,2,12,60,50
21321,PI534046,HN,2,13,60,50
21421,PI533936,HN,2,14,60,57
21521,PI533785,HN,2,15,60,52
21621,PI534063,HN,2,16,60,63
20122,PI629059,HN,2,1,61,65
20222,PI597965,HN,2,2,61,56
20322,check,HN,2,3,61,57
20422,PI534124,HN,2,4,61,56
20522,PI576394,HN,2,5,61,53
20622,PI597971,HN,2,6,61,52
20722,PI576352,HN,2,7,61,55
20822,PI597958,HN,2,8,61,60
20922,PI595745,HN,2,9,61,60
21022,PI534116,HN,2,10,61,55
21122,PI576347,HN,2,11,61,45
21222,PI641874,HN,2,12,61,52
21322,PI595718,HN,2,13,61,49
21422,PI655998,HN,2,14,61,52
21522,PI597950,HN,2,15,61,51
21622,PI534145,HN,2,16,61,50
20123,PI576425,HN,2,1,62,62
20223,PI534101,HN,2,2,62,60
20323,PI595714,HN,2,3,62,59
20423,PI534105,HN,2,4,62,60
20523,PI597957,HN,2,5,62,53
20623,PI597968,HN,2,6,62,51
20723,PI576390,HN,2,7,62,51
20823,PI597982,HN,2,8,62,45
20923,check,HN,2,9,62,58
21023,PI576399,HN,2,10,62,52
21123,PI576337,HN,2,11,62,56
21223,PI595741,HN,2,12,62,52
21323,check,HN,2,13,62,57
21423,PI534117,HN,2,14,62,52
21523,PI534123,HN,2,15,62,62
21623,PI552861,HN,2,16,62,56
20124,PI576339,HN,2,1,63,58
20224,PI597952,HN,2,2,63,60
20324,PI576364,HN,2,3,63,57
20424,PI629034,HN,2,4,63,66
20524,PI595720,HN,2,5,63,52
20624,check,HN,2,6,63,58
20724,PI534108,HN,2,7,63,58
20824,PI534115,HN,2,8,63,60
20924,PI655987,HN,2,9,63,52
21024,PI576366,HN,2,10,63,51
21124,PI576350,HN,2,11,63,45
21224,PI595702,HN,2,12,63,52
21324,PI534099,HN,2,13,63,57
21424,PI597961,HN,2,14,63,61
21524,PI576332,HN,2,15,63,50
21624,PI597972,HN,2,16,63,49
20125,PI656022,HN,2,1,64,68
20225,PI656000,HN,2,2,64,59
20325,PI655989,HN,2,3,64,53
20425,PI655971,HN,2,4,64,52
20525,PI656047,HN,2,5,64,73
20625,PI598070,HN,2,6,64,63
20725,PI656115,HN,2,7,64,59
20825,check,HN,2,8,64,59
20925,PI656121,HN,2,9,64,52
21025,PI656087,HN,2,10,64,52
21125,PI655999,HN,2,11,64,58
21225,check,HN,2,12,64,59
21325,PI656098,HN,2,13,64,51
21425,PI655985,HN,2,14,64,60
21525,PI656120,HN,2,15,64,56
21625,PI656019,HN,2,16,64,52
20126,PI656108,HN,2,1,65,52
20226,PI655993,HN,2,2,65,61
20326,PI656033,HN,2,3,65,68
20426,PI656085,HN,2,4,65,52
20526,PI656078,HN,2,5,65,52
20626,PI656077,HN,2,6,65,52
20726,PI656095,HN,2,7,65,53
20826,Btx623,HN,2,8,65,61
20926,PI656109,HN,2,9,65,52
21026,PI656055,HN,2,10,65,59
21126,PI656020,HN,2,11,65,52
21226,PI656104,HN,2,12,65,52
21326,PI656105,HN,2,13,65,54
21426,PI656101,HN,2,14,65,48
21526,PI656119,HN,2,15,65,52
21626,PI659693,HN,2,16,65,51
20127,PI656060,HN,2,1,66,58
20227,check,HN,2,2,66,58
20327,PI656089,HN,2,3,66,52
20427,PI656052,HN,2,4,66,55
20527,PI656005,HN,2,5,66,53
20627,PI656096,HN,2,6,66,53
20727,PI656080,HN,2,7,66,55
20827,PI656094,HN,2,8,66,52
20927,PI656116,HN,2,9,66,46
21027,PI656025,HN,2,10,66,55
21127,PI656010,HN,2,11,66,66
21227,PI653617,HN,2,12,66,55
21327,PI656081,HN,2,13,66,54
21427,check,HN,2,14,66,61
21527,PI656112,HN,2,15,66,52
21627,PI552856,HN,2,16,66,67
30101,PI533800,HN,3,18,1,67
30201,PI534009,HN,3,19,1,70
30301,PI533903,HN,3,20,1,63
30401,PI534114,HN,3,21,1,59
30501,PI533962,HN,3,22,1,64
30601,check,HN,3,23,1,60
30701,PI533943,HN,3,24,1,58
30801,PI533755,HN,3,25,1,60
30901,PI533799,HN,3,26,1,60
31001,PI561071,HN,3,27,1,67
31201,PI565121,HN,3,29,1,60
31301,PI561472,HN,3,30,1,74
31401,PI48770,HN,3,31,1,61
31501,PI576380,HN,3,32,1,59
31601,PI533878,HN,3,33,1,68
30102,PI533972,HN,3,18,2,64
30202,check,HN,3,19,2,59
30302,PI533863,HN,3,20,2,55
30402,PI533831,HN,3,21,2,64
30502,PI534053,HN,3,22,2,60
30602,PI534133,HN,3,23,2,61
30702,PI533965,HN,3,24,2,66
30802,PI533843,HN,3,25,2,59
30902,check,HN,3,26,2,59
31002,PI533989,HN,3,27,2,59
31102,PI533967,HN,3,28,2,65
31202,PI534028,HN,3,29,2,58
31302,PI576359,HN,3,30,2,60
31402,PI576345,HN,3,31,2,60
31502,PI533927,HN,3,32,2,54
31602,PI34911,HN,3,33,2,82
30103,PI533807,HN,3,18,3,64
30203,PI533814,HN,3,19,3,64
30303,PI533902,HN,3,20,3,64
30403,PI534021,HN,3,21,3,74
30503,PI533924,HN,3,22,3,64
30603,PI533980,HN,3,23,3,63
30703,PI533839,HN,3,24,3,56
30803,PI533998,HN,3,25,3,50
30903,PI533882,HN,3,26,3,65
31003,PI542406,HN,3,27,3,82
31103,PI533824,HN,3,28,3,60
31203,PI24969,HN,3,29,3,70
31303,PI576130,HN,3,30,3,74
31403,PI533789,HN,3,31,3,59
31503,check,HN,3,32,3,58
31603,PI574455,HN,3,33,3,67
30104,check,HN,3,18,4,62
30204,PI534135,HN,3,19,4,77
30304,PI576381,HN,3,20,4,60
30404,check,HN,3,21,4,61
30504,PI576434,HN,3,22,4,80
30604,PI597949,HN,3,23,4,67
30704,PI585295,HN,3,24,4,77
30804,PI595699,HN,3,25,4,60
30904,PI656036,HN,3,26,4,75
31004,PI656028,HN,3,27,4,67
31104,PI576391,HN,3,28,4,68
31204,PI656037,HN,3,29,4,62
31304,PI595739,HN,3,30,4,64
31404,PI597964,HN,3,31,4,68
31504,PI601816,HN,3,32,4,69
31604,PI597960,HN,3,33,4,66
30105,PI576348,HN,3,18,5,71
30205,PI656002,HN,3,19,5,60
30305,PI655996,HN,3,20,5,68
30405,PI548797,HN,3,21,5,67
30505,PI595740,HN,3,22,5,68
30605,PI655975,HN,3,23,5,60
30705,PI629040,HN,3,24,5,61
30805,PI576426,HN,3,25,5,62
30905,PI656014,HN,3,26,5,55
31005,PI655995,HN,3,27,5,60
31105,PI576428,HN,3,28,5,60
31205,PI656042,HN,3,29,5,61
31305,PI656023,HN,3,30,5,60
31405,PI656041,HN,3,31,5,73
31505,PI609456,HN,3,32,5,64
31605,PI655970,HN,3,33,5,68
30106,PI656003,HN,3,18,6,60
30206,PI576349,HN,3,19,6,58
30306,PI576396,HN,3,20,6,61
30406,PI564165,HN,3,21,6,68
30506,PI595743,HN,3,22,6,68
30606,PI576340,HN,3,23,6,66
30706,PI576435,HN,3,24,6,60
30806,PI656004,HN,3,25,6,64
30906,PI656024,HN,3,26,6,68
31006,check,HN,3,27,6,60
31106,PI651496,HN,3,28,6,80
31206,PI642992,HN,3,29,6,75
31306,PI656032,HN,3,30,6,75
31406,PI656044,HN,3,31,6,66
31506,check,HN,3,32,6,60
31606,PI656008,HN,3,33,6,64
30107,PI656061,HN,3,18,7,68
30207,check,HN,3,19,7,58
30307,PI656007,HN,3,20,7,59
30407,PI656110,HN,3,21,7,59
30507,PI656015,HN,3,22,7,56
30607,PI656070,HN,3,23,7,67
30707,PI656029,HN,3,24,7,61
30807,PI656026,HN,3,25,7,64
30907,PI656086,HN,3,26,7,58
31007,PI655988,HN,3,27,7,53
31107,PI656057,HN,3,28,7,82
31207,PI656062,HN,3,29,7,67
31307,Tx430,HN,3,30,7,60
31407,PI656038,HN,3,31,7,74
31507,PI656083,HN,3,32,7,61
31607,PI655990,HN,3,33,7,52
30108,PI656009,HN,3,18,8,60
30208,PI656117,HN,3,19,8,66
30308,PI656040,HN,3,20,8,64
30408,PI659694,HN,3,21,8,62
30508,PI585291,HN,3,22,8,62
30608,PI35038,HN,3,23,8,66
30808,PI656091,HN,3,25,8,75
30908,Tx430,HN,3,26,8,68
31008,PI656048,HN,3,27,8,68
31108,PI656107,HN,3,28,8,71
31208,PI656076,HN,3,29,8,60
31308,PI656051,HN,3,30,8,71
31408,PI656073,HN,3,31,8,48
31508,Tx430,HN,3,32,8,64
31608,PI656068,HN,3,33,8,64
30109,PI656006,HN,3,18,9,67
30209,PI656034,HN,3,19,9,68
30309,PI656039,HN,3,20,9,64
30409,PI656069,HN,3,21,9,75
30509,check,HN,3,22,9,60
30609,PI656053,HN,3,23,9,65
30709,PI656016,HN,3,24,9,62
30809,PI656113,HN,3,25,9,52
30909,PI656049,HN,3,26,9,62
31009,check,HN,3,27,9,59
31109,PI656111,HN,3,28,9,62
31209,check,HN,3,29,9,60
31309,PI659753,HN,3,30,9,75
31409,PI656064,HN,3,31,9,74
31509,PI656092,HN,3,32,9,75
31609,PI656099,HN,3,33,9,76
30110,PI533961,HN,3,18,10,55
30210,PI533939,HN,3,19,10,54
30310,PI533913,HN,3,20,10,52
30410,PI533996,HN,3,21,10,52
30510,PI533754,HN,3,22,10,45
30610,PI533940,HN,3,23,10,52
30710,PI533785,HN,3,24,10,52
30810,PI534075,HN,3,25,10,51
30910,PI533919,HN,3,26,10,54
31010,check,HN,3,27,10,58
31110,PI533845,HN,3,28,10,53
31210,PI534128,HN,3,29,10,60
31310,PI534054,HN,3,30,10,71
31410,PI534148,HN,3,31,10,53
31510,PI533964,HN,3,32,10,65
31610,PI534157,HN,3,33,10,52
30111,PI533792,HN,3,18,11,54
30211,PI534097,HN,3,19,11,52
30311,PI533987,HN,3,20,11,46
30411,PI533979,HN,3,21,11,52
30511,PI533766,HN,3,22,11,52
30611,check,HN,3,23,11,58
30711,PI534092,HN,3,24,11,59
30811,check,HN,3,25,11,59
30911,PI534155,HN,3,26,11,59
31011,PI533757,HN,3,27,11,55
31111,PI533821,HN,3,28,11,64
31211,PI533822,HN,3,29,11,59
31311,PI534096,HN,3,30,11,42
31411,PI533842,HN,3,31,11,67
31511,PI533810,HN,3,32,11,63
31611,PI533869,HN,3,33,11,56
30112,PI534063,HN,3,18,12,60
30212,PI329440,HN,3,19,12,52
30312,PI534046,HN,3,20,12,52
30412,PI533936,HN,3,21,12,54
30512,PI533769,HN,3,22,12,41
30612,PI534047,HN,3,23,12,46
30712,PI533957,HN,3,24,12,54
30812,PI533833,HN,3,25,12,54
30912,PI533841,HN,3,26,12,53
31012,PI533901,HN,3,27,12,59
31112,PI534112,HN,3,28,12,63
31212,PI533761,HN,3,29,12,68
31312,PI533856,HN,3,30,12,68
31412,PI534127,HN,3,31,12,56
31512,check,HN,3,32,12,59
31612,PI533852,HN,3,33,12,54
30113,PI576347,HN,3,18,13,49
30213,PI597961,HN,3,19,13,58
30313,PI534116,HN,3,20,13,56
30413,PI655987,HN,3,21,13,52
30513,PI576337,HN,3,22,13,54
30613,PI552861,HN,3,23,13,55
30713,PI595741,HN,3,24,13,52
30813,PI595718,HN,3,25,13,45
30913,PI655997,HN,3,26,13,60
31013,check,HN,3,27,13,59
31113,PI642791,HN,3,28,13,62
31213,PI655976,HN,3,29,13,58
31313,PI576422,HN,3,30,13,60
31413,PI576401,HN,3,31,13,66
31513,PI534163,HN,3,32,13,64
31613,PI656012,HN,3,33,13,69
30114,PI595702,HN,3,18,14,53
30214,PI576366,HN,3,19,14,52
30314,PI597950,HN,3,20,14,52
30414,PI597972,HN,3,21,14,51
30514,PI576399,HN,3,22,14,52
30614,PI576350,HN,3,23,14,44
30714,PI641874,HN,3,24,14,51
30814,PI655998,HN,3,25,14,53
30914,PI655978,HN,3,26,14,60
31014,PI576333,HN,3,27,14,60
31114,check,HN,3,28,14,60
31214,PI656011,HN,3,29,14,72
31314,PI576375,HN,3,30,14,56
31414,PI655972,HN,3,31,14,63
31514,PI576386,HN,3,32,14,67
31614,PI576376,HN,3,33,14,53
30115,PI534117,HN,3,18,15,54
30215,PI534145,HN,3,19,15,49
30315,PI534123,HN,3,20,15,60
30415,PI534099,HN,3,21,15,58
30515,PI576332,HN,3,22,15,45
30615,check,HN,3,23,15,58
30715,PI595745,HN,3,24,15,57
30815,check,HN,3,25,15,55
30915,PI561072,HN,3,26,15,60
31015,PI576373,HN,3,27,15,59
31115,PI576418,HN,3,28,15,53
31215,PI607931,HN,3,29,15,62
31315,PI656001,HN,3,30,15,60
31415,PI561073,HN,3,31,15,65
31515,PI597973,HN,3,32,15,74
31615,PI564164,HN,3,33,15,53
30116,PI656112,HN,3,18,16,52
30216,PI656105,HN,3,19,16,52
30316,PI655985,HN,3,20,16,59
30416,PI656101,HN,3,21,16,47
30516,PI656116,HN,3,22,16,48
30616,PI656098,HN,3,23,16,51
30716,PI656121,HN,3,24,16,51
30816,PI656104,HN,3,25,16,51
30916,PI641824,HN,3,26,16,71
31016,PI656056,HN,3,27,16,65
31116,PI656058,HN,3,28,16,67
31216,PI641836,HN,3,29,16,81
31316,PI659691,HN,3,30,16,82
31416,check,HN,3,31,16,61
31516,PI653616,HN,3,32,16,73
31616,PI656100,HN,3,33,16,63
30117,check,HN,3,18,17,60
30217,PI653617,HN,3,19,17,59
30317,PI656081,HN,3,20,17,59
30417,check,HN,3,21,17,61
30517,PI656087,HN,3,22,17,52
30617,PI659693,HN,3,23,17,48
30717,PI656019,HN,3,24,17,52
30817,PI656109,HN,3,25,17,52
30917,PI566819,HN,3,26,17,81
31017,PI656075,HN,3,27,17,68
31117,PI656082,HN,3,28,17,74
31217,PI656079,HN,3,29,17,75
31317,PI656097,HN,3,30,17,67
31417,PI655984,HN,3,31,17,54
31517,PI659695,HN,3,32,17,60
31617,check,HN,3,33,17,64
30118,PI552856,HN,3,18,18,64
30218,PI656119,HN,3,19,18,53
30318,PI656120,HN,3,20,18,53
30418,PI656020,HN,3,21,18,52
30518,PI656055,HN,3,22,18,57
30618,PI656010,HN,3,23,18,68
30718,PI656025,HN,3,24,18,53
30818,PI655999,HN,3,25,18,56
30918,PI656027,HN,3,26,18,64
31018,PI656118,HN,3,27,18,59
31118,PI656093,HN,3,28,18,60
31218,PI656031,HN,3,29,18,59
31318,PI656071,HN,3,30,18,68
31418,PI656018,HN,3,31,18,62
31518,PI656072,HN,3,32,18,85
31618,PI656059,HN,3,33,18,75
30119,PI533762,HN,3,18,19,56
30219,PI534144,HN,3,19,19,62
30319,PI534104,HN,3,20,19,59
30419,PI533976,HN,3,21,19,61
30519,PI534139,HN,3,22,19,51
30619,PI533752,HN,3,23,19,65
30719,PI152651,HN,3,24,19,43
30819,PI534132,HN,3,25,19,56
30919,PI533759,HN,3,26,19,52
31019,PI533750,HN,3,27,19,53
31119,PI533915,HN,3,28,19,51
31219,PI533758,HN,3,29,19,54
31319,PI533866,HN,3,30,19,51
31419,PI533912,HN,3,31,19,38
31519,PI533955,HN,3,32,19,55
31619,PI533991,HN,3,33,19,60
30120,PI533877,HN,3,18,20,52
30220,PI533985,HN,3,19,20,59
30320,PI533938,HN,3,20,20,60
30420,check,HN,3,21,20,59
30520,PI534079,HN,3,22,20,53
30620,PI534137,HN,3,23,20,56
30720,PI533871,HN,3,24,20,60
30820,PI533855,HN,3,25,20,52
30920,PI533911,HN,3,26,20,52
31020,PI534037,HN,3,27,20,53
31120,PI533921,HN,3,28,20,59
31220,PI533997,HN,3,29,20,55
31320,check,HN,3,30,20,60
31420,PI533776,HN,3,31,20,53
31520,PI534070,HN,3,32,20,44
31620,PI533838,HN,3,33,20,45
30121,PI534088,HN,3,18,21,52
30221,PI533788,HN,3,19,21,52
30421,PI533937,HN,3,21,21,52
30521,PI533970,HN,3,22,21,62
30621,check,HN,3,23,21,60
30721,PI17548,HN,3,24,21,54
30821,PI533794,HN,3,25,21,59
30921,PI533760,HN,3,26,21,60
31021,PI533949,HN,3,27,21,49
31121,PI533986,HN,3,28,21,58
31221,PI533948,HN,3,29,21,59
31321,PI533954,HN,3,30,21,52
31421,PI533910,HN,3,31,21,52
31521,check,HN,3,32,21,59
31621,PI533830,HN,3,33,21,49
30122,PI597951,HN,3,18,22,53
30222,PI642998,HN,3,19,22,52
30322,PI597980,HN,3,20,22,53
30422,PI595744,HN,3,21,22,54
30522,check,HN,3,22,22,60
30622,PI642793,HN,3,23,22,54
30722,PI613536,HN,3,24,22,56
30822,PI576393,HN,3,25,22,52
30922,PI597968,HN,3,26,22,52
31022,PI534115,HN,3,27,22,59
31122,PI629034,HN,3,28,22,60
31222,PI595720,HN,3,29,22,52
31322,PI576394,HN,3,30,22,52
31422,PI576390,HN,3,31,22,51
31522,PI534108,HN,3,32,22,62
31622,PI576364,HN,3,33,22,52
30123,PI655977,HN,3,18,23,59
30223,check,HN,3,19,23,59
30323,PI564163,HN,3,20,23,58
30423,PI655973,HN,3,21,23,59
30523,PI655979,HN,3,22,23,56
30623,PI597945,HN,3,23,23,58
30723,PI655974,HN,3,24,23,60
30823,PI641849,HN,3,25,23,48
30923,PI576425,HN,3,26,23,60
31023,PI595714,HN,3,27,23,52
31123,PI576352,HN,3,28,23,52
31223,PI534124,HN,3,29,23,57
31323,check,HN,3,30,23,57
31423,PI534105,HN,3,31,23,59
31523,PI597971,HN,3,32,23,55
31623,PI597957,HN,3,33,23,52
30124,PI576385,HN,3,18,24,51
30224,PI534167,HN,3,19,24,55
30324,PI597966,HN,3,20,24,60
30424,PI597946,HN,3,21,24,52
30524,PI576437,HN,3,22,24,53
30624,PI542718,HN,3,23,24,56
30724,PI576387,HN,3,24,24,56
30824,PI597976,HN,3,25,24,53
30924,PI597982,HN,3,26,24,47
31024,PI597958,HN,3,27,24,64
31124,PI597965,HN,3,28,24,56
31224,PI629059,HN,3,29,24,64
31324,check,HN,3,30,24,60
31424,PI534101,HN,3,31,24,58
31524,PI576339,HN,3,32,24,56
31624,PI597952,HN,3,33,24,53
30125,PI659696,HN,3,18,25,60
30225,check,HN,3,19,25,59
30325,PI656106,HN,3,20,25,67
30425,PI655992,HN,3,21,25,60
30525,PI655991,HN,3,22,25,61
30625,check,HN,3,23,25,60
30725,PI655981,HN,3,24,25,69
30825,PI656114,HN,3,25,25,56
30925,PI656096,HN,3,26,25,56
31025,PI656022,HN,3,27,25,71
31125,PI655989,HN,3,28,25,53
31225,PI656115,HN,3,29,25,61
31325,PI656095,HN,3,30,25,52
31425,PI656094,HN,3,31,25,52
31525,PI656005,HN,3,32,25,54
31625,PI598070,HN,3,33,25,68
30126,PI656088,HN,3,18,26,66
30226,PI655986,HN,3,19,26,68
30326,PI655994,HN,3,20,26,56
30426,PI655980,HN,3,21,26,55
30526,PI656013,HN,3,22,26,63
30626,PI656046,HN,3,23,26,62
30726,PI655983,HN,3,24,26,75
30826,PI656084,HN,3,25,26,69
30926,PI656047,HN,3,26,26,80
31026,PI656108,HN,3,27,26,52
31126,check,HN,3,28,26,64
31226,PI656078,HN,3,29,26,56
31326,PI656033,HN,3,30,26,70
31426,PI656080,HN,3,31,26,60
31526,PI655971,HN,3,32,26,52
31626,check,HN,3,33,26,63
30127,PI656035,HN,3,18,27,59
30227,PI656103,HN,3,19,27,54
30327,PI655982,HN,3,20,27,56
30427,PI656074,HN,3,21,27,53
30527,PI656102,HN,3,22,27,52
30627,PI656050,HN,3,23,27,60
30727,PI656090,HN,3,24,27,52
30827,PI656043,HN,3,25,27,73
30927,PI655993,HN,3,26,27,64
31027,PI656085,HN,3,27,27,52
31127,Btx623,HN,3,28,27,59
31227,PI656052,HN,3,29,27,52
31327,PI656089,HN,3,30,27,52
31427,PI656000,HN,3,31,27,55
31527,PI656077,HN,3,32,27,52
31627,PI656060,HN,3,33,27,53
60101,PI533937,HN,6,35,40,52
60201,PI533762,HN,6,36,40,53
60301,check,HN,6,37,40,62
60401,PI534079,HN,6,38,40,58
60501,PI534137,HN,6,39,40,54
60601,PI533871,HN,6,40,40,61
60701,PI534132,HN,6,41,40,61
60801,PI533788,HN,6,42,40,52
60901,PI533822,HN,6,43,40,60
61001,PI533842,HN,6,44,40,67
61101,PI533852,HN,6,45,40,60
61201,PI534155,HN,6,46,40,69
61301,PI533845,HN,6,47,40,59
61401,PI533821,HN,6,48,40,61
61501,PI533810,HN,6,49,40,66
61601,PI533757,HN,6,50,40,66
60102,PI533938,HN,6,35,41,64
60202,PI533794,HN,6,36,41,66
60302,PI534144,HN,6,37,41,63
60402,PI534139,HN,6,38,41,52
60502,PI534104,HN,6,39,41,59
60602,PI533985,HN,6,40,41,57
60702,check,HN,6,41,41,61
60802,PI17548,HN,6,42,41,53
60902,PI534148,HN,6,43,41,53
61002,PI534157,HN,6,44,41,54
61102,PI533761,HN,6,45,41,69
61202,PI534128,HN,6,46,41,68
61302,PI534127,HN,6,47,41,66
61402,PI534054,HN,6,48,41,69
61502,PI534112,HN,6,49,41,70
61602,check,HN,6,50,41,62
60103,PI533976,HN,6,35,42,67
60203,PI533970,HN,6,36,42,64
60303,PI534088,HN,6,37,42,54
60403,PI533877,HN,6,38,42,53
60603,PI533855,HN,6,40,42,54
60703,PI533752,HN,6,41,42,69
60803,PI152651,HN,6,42,42,50
60903,check,HN,6,43,42,61
61003,PI533919,HN,6,44,42,62
61103,PI533869,HN,6,45,42,61
61203,PI533964,HN,6,46,42,75
61303,PI534096,HN,6,47,42,46
61403,PI533901,HN,6,48,42,63
61503,PI533856,HN,6,49,42,72
61603,PI533841,HN,6,50,42,56
60104,PI597980,HN,6,35,43,52
60204,PI642793,HN,6,36,43,52
60304,PI542718,HN,6,37,43,56
60404,PI655977,HN,6,38,43,57
60504,PI655979,HN,6,39,43,54
60604,PI642998,HN,6,40,43,64
60704,PI564163,HN,6,41,43,61
60804,PI597945,HN,6,42,43,61
60904,PI655976,HN,6,43,43,60
61004,PI597973,HN,6,44,43,57
61104,PI576375,HN,6,45,43,53
61204,PI655972,HN,6,46,43,66
61304,PI576373,HN,6,47,43,61
61404,PI576401,HN,6,48,43,73
61504,check,HN,6,49,43,68
61604,PI656012,HN,6,50,43,77
60105,PI641849,HN,6,35,44,47
60205,PI597951,HN,6,36,44,53
60305,PI534167,HN,6,37,44,54
60405,PI576387,HN,6,38,44,52
60505,PI576385,HN,6,39,44,52
60605,PI595744,HN,6,40,44,52
60705,PI576393,HN,6,41,44,59
60805,PI597976,HN,6,42,44,52
60905,PI561072,HN,6,43,44,52
61005,PI656011,HN,6,44,44,70
61105,PI564164,HN,6,45,44,70
61205,PI561073,HN,6,46,44,67
61305,PI576386,HN,6,47,44,77
61405,PI655978,HN,6,48,44,76
61505,PI576418,HN,6,49,44,65
61605,PI576422,HN,6,50,44,61
60106,check,HN,6,35,45,62
60206,PI597966,HN,6,36,45,60
60306,check,HN,6,37,45,62
60406,PI597946,HN,6,38,45,52
60506,PI655973,HN,6,39,45,65
60606,PI576437,HN,6,40,45,53
60706,commercialUNL,HN,6,41,45,53
60806,PI613536,HN,6,42,45,61
60906,PI576333,HN,6,43,45,61
61006,PI534163,HN,6,44,45,67
61106,PI655997,HN,6,45,45,66
61206,PI656001,HN,6,46,45,69
61306,PI642791,HN,6,47,45,65
61406,check,HN,6,48,45,68
61506,PI607931,HN,6,49,45,69
61606,PI576376,HN,6,50,45,61
60107,PI656102,HN,6,35,46,52
60207,PI656074,HN,6,36,46,52
60307,check,HN,6,37,46,58
60407,PI656088,HN,6,38,46,62
60507,PI655982,HN,6,39,46,52
60607,PI656090,HN,6,40,46,52
60707,PI655994,HN,6,41,46,52
60807,PI656035,HN,6,42,46,54
60907,PI656097,HN,6,43,46,69
61007,PI656027,HN,6,44,46,67
61107,check,HN,6,45,46,62
61207,PI641824,HN,6,46,46,76
61307,PI655984,HN,6,47,46,57
61407,check,HN,6,48,46,63
61507,PI659695,HN,6,49,46,60
61607,PI656058,HN,6,50,46,72
60108,PI656103,HN,6,35,47,53
60208,PI656043,HN,6,36,47,70
60308,PI655980,HN,6,37,47,54
60408,PI655983,HN,6,38,47,75
60508,PI656106,HN,6,39,47,61
60608,PI655992,HN,6,40,47,52
60708,PI656114,HN,6,41,47,52
60808,PI656013,HN,6,42,47,61
60908,PI656075,HN,6,43,47,69
61008,PI566819,HN,6,44,47,80
61108,PI656056,HN,6,45,47,62
61208,PI656071,HN,6,46,47,70
61308,PI656059,HN,6,47,47,75
61408,PI656031,HN,6,48,47,61
61508,PI659691,HN,6,49,47,68
61608,PI656100,HN,6,50,47,67
60109,PI656050,HN,6,35,48,54
60209,PI659696,HN,6,36,48,59
60309,PI655991,HN,6,37,48,61
60409,PI655986,HN,6,38,48,66
60509,PI655981,HN,6,39,48,68
60609,PI656084,HN,6,40,48,61
60709,PI656046,HN,6,41,48,54
60809,check,HN,6,42,48,61
60909,PI656093,HN,6,43,48,60
61009,PI656018,HN,6,44,48,61
61109,PI656082,HN,6,45,48,69
61209,PI641836,HN,6,46,48,80
61309,PI656072,HN,6,47,48,80
61409,PI656118,HN,6,48,48,63
61509,PI653616,HN,6,49,48,81
61609,PI656079,HN,6,50,48,63
60110,PI533799,HN,6,35,49,61
60210,PI533927,HN,6,36,49,53
60410,PI576380,HN,6,38,49,66
60510,PI533878,HN,6,39,49,69
60610,PI576130,HN,6,40,49,76
60710,PI533967,HN,6,41,49,67
60810,check,HN,6,42,49,61
60910,PI533769,HN,6,43,49,41
61010,PI533766,HN,6,44,49,52
61110,check,HN,6,45,49,60
61210,check,HN,6,46,49,60
61310,PI533996,HN,6,47,49,53
61410,PI533987,HN,6,48,49,52
61510,PI533936,HN,6,49,49,62
61610,PI533939,HN,6,50,49,61
60111,PI576345,HN,6,35,50,61
60211,PI561472,HN,6,36,50,77
60311,PI534028,HN,6,37,50,62
60411,PI24969,HN,6,38,50,69
60511,PI48770,HN,6,39,50,68
60611,PI542406,HN,6,40,50,83
60711,check,HN,6,41,50,61
60811,PI533989,HN,6,42,50,69
60911,PI534063,HN,6,43,50,68
61011,PI534097,HN,6,44,50,54
61111,PI533957,HN,6,45,50,52
61211,PI533940,HN,6,46,50,53
61311,PI329440,HN,6,47,50,53
61411,PI533961,HN,6,48,50,59
61511,PI534046,HN,6,49,50,58
61611,PI534092,HN,6,50,50,62
60112,PI561071,HN,6,35,51,61
60212,PI533789,HN,6,36,51,60
60312,PI533824,HN,6,37,51,66
60412,PI533882,HN,6,38,51,64
60512,PI34911,HN,6,39,51,82
60612,PI576359,HN,6,40,51,63
60712,PI574455,HN,6,41,51,68
60812,PI565121,HN,6,42,51,61
60912,PI534047,HN,6,43,51,44
61012,PI534075,HN,6,44,51,52
61112,PI533792,HN,6,45,51,60
61212,PI533833,HN,6,46,51,52
61312,PI533785,HN,6,47,51,53
61412,PI533754,HN,6,48,51,48
61512,PI533913,HN,6,49,51,52
61612,PI533979,HN,6,50,51,52
60113,PI651496,HN,6,35,52,81
60213,PI597960,HN,6,36,52,69
60313,PI656014,HN,6,37,52,61
60413,PI609456,HN,6,38,52,89
60513,PI655995,HN,6,39,52,61
60613,check,HN,6,40,52,61
60713,PI656024,HN,6,41,52,67
60813,check,HN,6,42,52,60
60913,PI595718,HN,6,43,52,52
61013,PI595702,HN,6,44,52,53
61113,PI597972,HN,6,45,52,52
61213,PI534123,HN,6,46,52,59
61313,PI534117,HN,6,47,52,53
61413,PI552861,HN,6,48,52,61
61513,PI655987,HN,6,49,52,52
61613,PI595745,HN,6,50,52,61
60114,PI595739,HN,6,35,53,62
60214,PI576391,HN,6,36,53,68
60314,PI656037,HN,6,37,53,67
60414,PI656036,HN,6,38,53,76
60514,PI655970,HN,6,39,53,72
60614,PI656044,HN,6,40,53,67
60714,PI656023,HN,6,41,53,61
60814,PI601816,HN,6,42,53,73
60914,PI576347,HN,6,43,53,45
61014,PI576366,HN,6,44,53,51
61114,PI576337,HN,6,45,53,54
61214,PI576350,HN,6,46,53,52
61314,check,HN,6,47,53,61
61414,PI597961,HN,6,48,53,63
61514,PI641874,HN,6,49,53,52
61614,PI595741,HN,6,50,53,54
60115,PI656032,HN,6,35,54,76
60215,PI656008,HN,6,36,54,61
60315,PI642992,HN,6,37,54,75
60415,PI656041,HN,6,38,54,68
60515,PI576428,HN,6,39,54,61
60615,PI597964,HN,6,40,54,69
60715,PI656042,HN,6,41,54,61
60815,PI656028,HN,6,42,54,69
60915,PI655998,HN,6,43,54,52
61015,PI576399,HN,6,44,54,52
61115,PI534116,HN,6,45,54,54
61215,PI597950,HN,6,46,54,52
61315,check,HN,6,47,54,59
61415,PI534145,HN,6,48,54,50
61515,PI576332,HN,6,49,54,46
61615,PI534099,HN,6,50,54,62
60116,Tx430,HN,6,35,55,65
60216,Tx430,HN,6,36,55,66
60316,PI656057,HN,6,37,55,82
60416,PI656048,HN,6,38,55,67
60516,PI656083,HN,6,39,55,62
60616,PI656076,HN,6,40,55,61
60716,PI656051,HN,6,41,55,74
60816,PI656099,HN,6,42,55,82
60916,PI659693,HN,6,43,55,45
61016,PI656101,HN,6,44,55,45
61116,PI656116,HN,6,45,55,46
61216,PI656121,HN,6,46,55,51
61316,PI656087,HN,6,47,55,46
61416,check,HN,6,48,55,60
61516,PI656105,HN,6,49,55,53
61616,PI656055,HN,6,50,55,61
60117,PI656062,HN,6,35,56,72
60217,PI656107,HN,6,36,56,76
60317,PI659753,HN,6,37,56,83
60417,PI655988,HN,6,38,56,57
60517,check,HN,6,39,56,61
60617,PI656073,HN,6,40,56,48
60717,PI656092,HN,6,41,56,76
60817,PI656111,HN,6,42,56,68
60917,PI655985,HN,6,43,56,65
61017,PI656112,HN,6,44,56,54
61117,PI653617,HN,6,45,56,60
61217,PI656109,HN,6,46,56,51
61317,PI656010,HN,6,47,56,71
61417,PI655999,HN,6,48,56,53
61517,PI656019,HN,6,49,56,52
61617,PI656120,HN,6,50,56,61
60118,PI655990,HN,6,35,57,52
60218,PI656064,HN,6,36,57,75
60318,Tx430,HN,6,37,57,68
60418,PI656068,HN,6,38,57,68
60518,check,HN,6,39,57,65
60618,PI656049,HN,6,40,57,65
60718,PI656086,HN,6,41,57,58
60818,PI656038,HN,6,42,57,80
60918,PI656020,HN,6,43,57,52
61018,check,HN,6,44,57,63
61118,PI656119,HN,6,45,57,52
61218,PI656081,HN,6,46,57,54
61318,PI656025,HN,6,47,57,54
61418,PI552856,HN,6,48,57,72
61518,PI656104,HN,6,49,57,52
61618,PI656098,HN,6,50,57,53
60119,PI533962,HN,6,35,58,64
60219,PI534021,HN,6,36,58,75
60319,PI533903,HN,6,37,58,65
60419,PI533943,HN,6,38,58,61
60519,PI533972,HN,6,39,58,69
60619,PI533807,HN,6,40,58,71
60719,PI534133,HN,6,41,58,72
60819,PI533902,HN,6,42,58,72
60919,PI533911,HN,6,43,58,57
61019,PI533866,HN,6,44,58,52
61119,PI533910,HN,6,45,58,54
61219,PI533991,HN,6,46,58,65
61319,PI533776,HN,6,47,58,52
61419,PI533915,HN,6,48,58,54
61519,PI533830,HN,6,49,58,52
61619,PI533997,HN,6,50,58,54
60120,PI533755,HN,6,35,59,61
60220,PI533800,HN,6,36,59,69
60320,PI534053,HN,6,37,59,68
60420,PI533831,HN,6,38,59,60
60520,PI533814,HN,6,39,59,68
60620,PI533863,HN,6,40,59,59
60720,check,HN,6,41,59,61
60820,PI533924,HN,6,42,59,68
60920,PI533759,HN,6,43,59,52
61020,PI534037,HN,6,44,59,52
61120,PI533949,HN,6,45,59,52
61220,PI533955,HN,6,46,59,61
61320,check,HN,6,47,59,64
61420,PI533921,HN,6,48,59,61
61520,PI533760,HN,6,49,59,61
61620,PI533758,HN,6,50,59,57
60121,PI534114,HN,6,35,60,61
60221,PI533980,HN,6,36,60,63
60321,PI533839,HN,6,37,60,61
60421,PI533843,HN,6,38,60,60
60521,PI533998,HN,6,39,60,48
60621,PI534009,HN,6,40,60,69
60721,check,HN,6,41,60,60
60821,PI533965,HN,6,42,60,66
60921,PI534070,HN,6,43,60,45
61021,PI533954,HN,6,44,60,52
61121,PI533838,HN,6,45,60,48
61221,check,HN,6,46,60,61
61321,PI533912,HN,6,47,60,44
61421,PI533986,HN,6,48,60,64
61521,PI533750,HN,6,49,60,53
61621,PI533948,HN,6,50,60,56
60122,PI629040,HN,6,35,61,60
60222,PI595699,HN,6,36,61,61
60322,PI585295,HN,6,37,61,75
60422,PI655975,HN,6,38,61,61
60522,PI655996,HN,6,39,61,71
60622,PI576381,HN,6,40,61,61
60722,PI656004,HN,6,41,61,66
60822,PI576426,HN,6,42,61,66
60922,check,HN,6,43,61,58
61022,PI597971,HN,6,44,61,52
61122,PI597965,HN,6,45,61,53
61222,PI576390,HN,6,46,61,52
61322,PI629059,HN,6,47,61,69
61422,PI576352,HN,6,48,61,56
61522,PI597952,HN,6,49,61,54
61622,PI595720,HN,6,50,61,53
60123,PI597949,HN,6,35,62,66
60223,PI564165,HN,6,36,62,65
60323,check,HN,6,37,62,57
60423,check,HN,6,38,62,60
60523,PI576348,HN,6,39,62,73
60623,PI548797,HN,6,40,62,61
60723,PI656002,HN,6,41,62,61
60823,PI576349,HN,6,42,62,57
60923,PI576339,HN,6,43,62,54
61023,PI629034,HN,6,44,62,68
61123,PI576364,HN,6,45,62,52
61223,check,HN,6,46,62,61
61323,PI597958,HN,6,47,62,67
61423,PI534101,HN,6,48,62,61
61523,PI597968,HN,6,49,62,53
61623,PI576425,HN,6,50,62,58
60124,PI576340,HN,6,35,63,61
60224,PI576396,HN,6,36,63,62
60324,PI534135,HN,6,37,63,76
60424,PI576434,HN,6,38,63,74
60524,PI656003,HN,6,39,63,61
60624,PI595740,HN,6,40,63,68
60724,PI576435,HN,6,41,63,62
60824,PI595743,HN,6,42,63,68
60924,PI534108,HN,6,43,63,60
61024,PI595714,HN,6,44,63,53
61124,PI597982,HN,6,45,63,45
61224,PI534124,HN,6,46,63,56
61324,PI534115,HN,6,47,63,61
61424,PI597957,HN,6,48,63,54
61624,PI534105,HN,6,50,63,68
60125,PI656110,HN,6,35,64,61
60225,PI659694,HN,6,36,64,62
60325,PI656034,HN,6,37,64,71
60425,PI656039,HN,6,38,64,65
60525,PI656007,HN,6,39,64,60
60625,PI656026,HN,6,40,64,65
60725,PI656113,HN,6,41,64,52
60825,check,HN,6,42,64,61
60925,PI656080,HN,6,43,64,52
61025,PI656047,HN,6,44,64,72
61125,PI655971,HN,6,45,64,53
61225,PI655989,HN,6,46,64,61
61325,Btx623,HN,6,47,64,79
61425,PI656096,HN,6,48,64,64
61525,PI656085,HN,6,49,64,70
61625,PI656033,HN,6,50,64,75
60126,PI656015,HN,6,35,65,61
60326,PI656006,HN,6,37,65,69
60426,PI656053,HN,6,38,65,68
60526,PI656040,HN,6,39,65,68
60626,PI656091,HN,6,40,65,81
60726,PI656069,HN,6,41,65,76
60826,PI585291,HN,6,42,65,62
60926,PI656052,HN,6,43,65,52
61026,PI656095,HN,6,44,65,53
61126,PI656089,HN,6,45,65,53
61226,PI656022,HN,6,46,65,63
61326,check,HN,6,47,65,70
61426,PI656077,HN,6,48,65,53
61526,PI656115,HN,6,49,65,62
61626,check,HN,6,50,65,66
60127,PI656117,HN,6,35,66,63
60227,PI656061,HN,6,36,66,75
60327,PI35038,HN,6,37,66,66
60427,check,HN,6,38,66,61
60527,PI656016,HN,6,39,66,61
60627,PI656070,HN,6,40,66,68
60727,PI656009,HN,6,41,66,67
60827,PI656029,HN,6,42,66,68
60927,PI656078,HN,6,43,66,53
61027,PI655993,HN,6,44,66,59
61127,PI656094,HN,6,45,66,53
61227,PI656060,HN,6,46,66,57
61327,PI656108,HN,6,47,66,52
61427,PI656000,HN,6,48,66,56
61527,PI598070,HN,6,49,66,72
61627,PI656005,HN,6,50,66,54
,,,,,,
,,,,,,
,,,,,,
,,,,,,
,,,,,,
,,,,,,
,,,,,,
,,,,,,
,,,,,,
,,,,,,
,,,,,,
,,,,,,
,,,,,,
,,,,,,
,,,,,,
,,,,,,
,,,,,,
,,,,,,
,,,,,,
,,,,,,
,,,,,,
,,,,,,
,,,,,,
,,,,,,
,,,,,,
,,,,,,
,,,,,,
,,,,,,
,,,,,,
,,,,,,
,,,,,,
,,,,,,
,,,,,,
,,,,,,
,,,,,,
,,,,,,
,,,,,,
,,,,,,
,,,,,,
,,,,,,
,,,,,,
,,,,,,
,,,,,,
,,,,,,
,,,,,,
,,,,,,
,,,,,,
,,,,,,
,,,,,,
,,,,,,
,,,,,,
,,,,,,
,,,,,,
,,,,,,
,,,,,,
,,,,,,
,,,,,,
,,,,,,
,,,,,,
,,,,,,
,,,,,,
,,,,,,
,,,,,,
,,,,,,
,,,,,,
,,,,,,
,,,,,,
,,,,,,
,,,,,,
,,,,,,
,,,,,,
,,,,,,
,,,,,,
,,,,,,
,,,,,,
,,,,,,
,,,,,,
,,,,,,
,,,,,,
,,,,,,
,,,,,,
,,,,,,
,,,,,,
,,,,,,
,,,,,,
,,,,,,
,,,,,,
,,,,,,
,,,,,,
,,,,,,
,,,,,,
,,,,,,
,,,,,,
,,,,,,
,,,,,,
,,,,,,
,,,,,,
,,,,,,
,,,,,,
,,,,,,
,,,,,,
,,,,,,
,,,,,,
,,,,,,
,,,,,,
,,,,,,
,,,,,,
,,,,,,
,,,,,,
,,,,,,
,,,,,,
,,,,,,
,,,,,,
,,,,,,
,,,,,,
,,,,,,
,,,,,,
,,,,,,
,,,,,,
,,,,,,
,,,,,,
,,,,,,
,,,,,,
,,,,,,
,,,,,,
,,,,,,
,,,,,,
,,,,,,
,,,,,,
,,,,,,
,,,,,,
,,,,,,
,,,,,,
,,,,,,
,,,,,,
,,,,,,
,,,,,,
,,,,,,
,,,,,,
,,,,,,
,,,,,,
,,,,,,
,,,,,,
,,,,,,
,,,,,,
,,,,,,
,,,,,,
,,,,,,
,,,,,,
,,,,,,
,,,,,,
,,,,,,
,,,,,,
,,,,,,
,,,,,,
,,,,,,
,,,,,,
,,,,,,
,,,,,,
,,,,,,
,,,,,,
,,,,,,
,,,,,,
,,,,,,
,,,,,,
,,,,,,
,,,,,,
,,,,,,
,,,,,,
,,,,,,
,,,,,,
,,,,,,
,,,,,,
,,,,,,
,,,,,,
,,,,,,
,,,,,,
,,,,,,
,,,,,,
,,,,,,
,,,,,,
,,,,,,
,,,,,,
,,,,,,
,,,,,,
,,,,,,
,,,,,,
,,,,,,
,,,,,,
,,,,,,
,,,,,,
,,,,,,
,,,,,,
,,,,,,
,,,,,,
,,,,,,
,,,,,,
,,,,,,
,,,,,,
,,,,,,
,,,,,,
,,,,,,
,,,,,,
,,,,,,
,,,,,,
,,,,,,
,,,,,,
,,,,,,
,,,,,,
,,,,,,
,,,,,,
,,,,,,
,,,,,,
,,,,,,
,,,,,,
,,,,,,
,,,,,,
,,,,,,
,,,,,,
,,,,,,
,,,,,,
,,,,,,
,,,,,,
,,,,,,
,,,,,,
,,,,,,
,,,,,,
,,,,,,
,,,,,,
,,,,,,
,,,,,,
,,,,,,
,,,,,,
,,,,,,
,,,,,,
,,,,,,
,,,,,,
,,,,,,
,,,,,,
,,,,,,
,,,,,,
,,,,,,
,,,,,,
,,,,,,
,,,,,,
,,,,,,
,,,,,,
,,,,,,
,,,,,,
,,,,,,
,,,,,,
,,,,,,
,,,,,,
,,,,,,
,,,,,,
,,,,,,
,,,,,,
,,,,,,
,,,,,,
,,,,,,
,,,,,,
,,,,,,
,,,,,,
,,,,,,
,,,,,,
,,,,,,
,,,,,,
,,,,,,
,,,,,,
,,,,,,
,,,,,,
,,,,,,
,,,,,,
,,,,,,
,,,,,,
,,,,,,
,,,,,,
,,,,,,
,,,,,,
,,,,,,
,,,,,,
,,,,,,
,,,,,,
,,,,,,
,,,,,,
,,,,,,
,,,,,,
,,,,,,
,,,,,,
,,,,,,
,,,,,,
,,,,,,
,,,,,,
,,,,,,
,,,,,,
,,,,,,
,,,,,,
,,,,,,
,,,,,,
,,,,,,
,,,,,,
,,,,,,
,,,,,,
,,,,,,
,,,,,,
,,,,,,
,,,,,,
,,,,,,
,,,,,,
,,,,,,
,,,,,,
,,,,,,
,,,,,,
,,,,,,
,,,,,,
,,,,,,
,,,,,,
,,,,,,
,,,,,,
,,,,,,
,,,,,,
,,,,,,
,,,,,,
,,,,,,
,,,,,,
,,,,,,
,,,,,,
,,,,,,
,,,,,,
,,,,,,
,,,,,,
,,,,,,
,,,,,,
,,,,,,
,,,,,,
,,,,,,
,,,,,,
,,,,,,
,,,,,,
,,,,,,
,,,,,,
,,,,,,
,,,,,,
,,,,,,
,,,,,,
,,,,,,
,,,,,,
,,,,,,
,,,,,,
,,,,,,
,,,,,,
,,,,,,
,,,,,,
,,,,,,
,,,,,,
,,,,,,
,,,,,,
,,,,,,
,,,,,,
,,,,,,
,,,,,,
,,,,,,
,,,,,,
,,,,,,
,,,,,,
,,,,,,
,,,,,,
,,,,,,
,,,,,,
,,,,,,
,,,,,,
,,,,,,
,,,,,,
,,,,,,
,,,,,,
,,,,,,
,,,,,,
,,,,,,
,,,,,,
,,,,,,
,,,,,,
,,,,,,
,,,,,,
,,,,,,
,,,,,,
,,,,,,
,,,,,,
,,,,,,
,,,,,,
,,,,,,
,,,,,,
,,,,,,
,,,,,,
,,,,,,
,,,,,,
,,,,,,
,,,,,,
,,,,,,
,,,,,,
,,,,,,
,,,,,,
,,,,,,
,,,,,,
,,,,,,
,,,,,,
,,,,,,
,,,,,,
,,,,,,
,,,,,,
,,,,,,
,,,,,,
,,,,,,
,,,,,,
,,,,,,
,,,,,,
,,,,,,
,,,,,,
,,,,,,
,,,,,,
,,,,,,
,,,,,,
,,,,,,
,,,,,,
,,,,,,
,,,,,,
,,,,,,
,,,,,,
,,,,,,
,,,,,,
,,,,,,
,,,,,,
,,,,,,
,,,,,,
,,,,,,
,,,,,,
,,,,,,
,,,,,,
,,,,,,
,,,,,,
,,,,,,
,,,,,,
,,,,,,
,,,,,,
,,,,,,
,,,,,,
,,,,,,
,,,,,,
,,,,,,
,,,,,,
,,,,,,
,,,,,,
,,,,,,
,,,,,,
,,,,,,
,,,,,,
,,,,,,
,,,,,,
,,,,,,
,,,,,,
,,,,,,
,,,,,,
,,,,,,
,,,,,,
,,,,,,
,,,,,,
,,,,,,
,,,,,,
,,,,,,
,,,,,,
,,,,,,
,,,,,,
,,,,,,
,,,,,,
,,,,,,
,,,,,,
,,,,,,
,,,,,,
,,,,,,
,,,,,,
,,,,,,
,,,,,,
,,,,,,
,,,,,,
,,,,,,
,,,,,,
,,,,,,
,,,,,,
,,,,,,
,,,,,,
,,,,,,
,,,,,,
,,,,,,
,,,,,,
,,,,,,
,,,,,,
,,,,,,
,,,,,,
,,,,,,
,,,,,,
,,,,,,
,,,,,,
,,,,,,
,,,,,,
,,,,,,
,,,,,,
,,,,,,
,,,,,,
,,,,,,
,,,,,,
,,,,,,
,,,,,,
,,,,,,
,,,,,,
,,,,,,
,,,,,,
,,,,,,
,,,,,,
,,,,,,
,,,,,,
,,,,,,
,,,,,,
,,,,,,
,,,,,,
,,,,,,
,,,,,,
,,,,,,
,,,,,,
,,,,,,
,,,,,,
,,,,,,
,,,,,,
,,,,,,
,,,,,,
,,,,,,
,,,,,,
,,,,,,
,,,,,,
,,,,,,
,,,,,,
,,,,,,
,,,,,,
,,,,,,
,,,,,,
,,,,,,
,,,,,,
,,,,,,
,,,,,,
,,,,,,
,,,,,,
,,,,,,
,,,,,,
,,,,,,
,,,,,,
,,,,,,
,,,,,,
,,,,,,
,,,,,,
,,,,,,
,,,,,,
,,,,,,
,,,,,,
,,,,,,
,,,,,,
,,,,,,
,,,,,,
,,,,,,
,,,,,,
,,,,,,
,,,,,,
,,,,,,
,,,,,,
,,,,,,
,,,,,,
,,,,,,
,,,,,,
,,,,,,
,,,,,,
,,,,,,
,,,,,,
,,,,,,
,,,,,,
,,,,,,
,,,,,,
,,,,,,
,,,,,,
,,,,,,
,,,,,,
,,,,,,
,,,,,,
,,,,,,
,,,,,,
,,,,,,
,,,,,,
,,,,,,
,,,,,,
,,,,,,
,,,,,,
,,,,,,
,,,,,,
,,,,,,
,,,,,,
,,,,,,
,,,,,,
,,,,,,
,,,,,,
,,,,,,
,,,,,,
,,,,,,
,,,,,,
,,,,,,
,,,,,,
,,,,,,
,,,,,,
,,,,,,
,,,,,,
,,,,,,
,,,,,,
,,,,,,
,,,,,,
,,,,,,
,,,,,,
,,,,,,
,,,,,,
,,,,,,
,,,,,,
,,,,,,
,,,,,,
,,,,,,
,,,,,,
,,,,,,
,,,,,,
,,,,,,
,,,,,,
,,,,,,
,,,,,,
,,,,,,
,,,,,,
,,,,,,
,,,,,,
,,,,,,
,,,,,,
,,,,,,
,,,,,,
,,,,,,
,,,,,,
,,,,,,
,,,,,,
,,,,,,
,,,,,,
,,,,,,
,,,,,,
,,,,,,
,,,,,,
,,,,,,
,,,,,,
,,,,,,
,,,,,,
,,,,,,
,,,,,,
,,,,,,
,,,,,,
,,,,,,
,,,,,,
,,,,,,
,,,,,,
,,,,,,
,,,,,,
,,,,,,
,,,,,,
,,,,,,
,,,,,,
,,,,,,
,,,,,,
,,,,,,
,,,,,,
,,,,,,
,,,,,,
,,,,,,
,,,,,,
,,,,,,
,,,,,,
,,,,,,
,,,,,,
,,,,,,
,,,,,,
,,,,,,
,,,,,,
,,,,,,
,,,,,,
,,,,,,
,,,,,,
,,,,,,
,,,,,,
,,,,,,
,,,,,,
,,,,,,
,,,,,,
,,,,,,
,,,,,,
,,,,,,
,,,,,,
,,,,,,
,,,,,,
,,,,,,
,,,,,,
,,,,,,
,,,,,,
,,,,,,
,,,,,,
,,,,,,
,,,,,,
,,,,,,
,,,,,,
,,,,,,
,,,,,,
,,,,,,
,,,,,,
,,,,,,
,,,,,,
,,,,,,
,,,,,,
,,,,,,
,,,,,,
,,,,,,
,,,,,,
,,,,,,
,,,,,,
,,,,,,
,,,,,,
,,,,,,
,,,,,,
,,,,,,
,,,,,,
,,,,,,
,,,,,,
,,,,,,
,,,,,,
,,,,,,
,,,,,,
,,,,,,
,,,,,,
,,,,,,
,,,,,,
,,,,,,
,,,,,,
,,,,,,
,,,,,,
,,,,,,
,,,,,,
,,,,,,
,,,,,,
,,,,,,
,,,,,,
,,,,,,
,,,,,,
,,,,,,
,,,,,,
,,,,,,
,,,,,,
,,,,,,
,,,,,,
,,,,,,
,,,,,,
,,,,,,
,,,,,,
,,,,,,
,,,,,,
,,,,,,
,,,,,,
,,,,,,
,,,,,,
,,,,,,
,,,,,,
,,,,,,
,,,,,,
,,,,,,
,,,,,,
,,,,,,
,,,,,,
,,,,,,
,,,,,,
,,,,,,
,,,,,,
,,,,,,
,,,,,,
,,,,,,
,,,,,,
,,,,,,
,,,,,,
,,,,,,
,,,,,,
,,,,,,
,,,,,,
,,,,,,
,,,,,,
,,,,,,
,,,,,,
,,,,,,
,,,,,,
,,,,,,
,,,,,,
,,,,,,
,,,,,,
,,,,,,
,,,,,,
,,,,,,
,,,,,,
,,,,,,
,,,,,,
,,,,,,
,,,,,,
,,,,,,
,,,,,,
,,,,,,
,,,,,,
,,,,,,
,,,,,,
,,,,,,
,,,,,,
,,,,,,
,,,,,,
,,,,,,
,,,,,,
,,,,,,
,,,,,,
,,,,,,
,,,,,,
,,,,,,
,,,,,,
,,,,,,
,,,,,,
,,,,,,
,,,,,,
,,,,,,
,,,,,,
,,,,,,
,,,,,,
,,,,,,
,,,,,,
,,,,,,
,,,,,,
,,,,,,
,,,,,,
,,,,,,
,,,,,,
,,,,,,
,,,,,,
,,,,,,
,,,,,,
,,,,,,
,,,,,,
,,,,,,
,,,,,,
,,,,,,
,,,,,,
,,,,,,
,,,,,,
,,,,,,
,,,,,,
,,,,,,
,,,,,,
,,,,,,
,,,,,,
,,,,,,
,,,,,,
,,,,,,
,,,,,,
,,,,,,
,,,,,,
,,,,,,
,,,,,,
,,,,,,
,,,,,,
,,,,,,
,,,,,,
,,,,,,
,,,,,,
,,,,,,
,,,,,,
,,,,,,
,,,,,,
,,,,,,
,,,,,,
,,,,,,
,,,,,,
,,,,,,
,,,,,,
,,,,,,
,,,,,,
,,,,,,
,,,,,,
,,,,,,
,,,,,,
,,,,,,
,,,,,,
,,,,,,
,,,,,,
,,,,,,
,,,,,,
,,,,,,
,,,,,,
,,,,,,
,,,,,,
,,,,,,
,,,,,,
,,,,,,
,,,,,,
,,,,,,
,,,,,,
,,,,,,
,,,,,,
,,,,,,
,,,,,,
,,,,,,
,,,,,,
,,,,,,
,,,,,,
,,,,,,
,,,,,,
,,,,,,
,,,,,,
,,,,,,
,,,,,,
,,,,,,
,,,,,,
,,,,,,
,,,,,,
,,,,,,
,,,,,,
,,,,,,
,,,,,,
,,,,,,
,,,,,,
,,,,,,
,,,,,,
,,,,,,
,,,,,,
,,,,,,
,,,,,,
,,,,,,
,,,,,,
,,,,,,
,,,,,,
,,,,,,
,,,,,,
,,,,,,
,,,,,,
,,,,,,
,,,,,,
,,,,,,
,,,,,,
,,,,,,
,,,,,,
,,,,,,
,,,,,,
,,,,,,
,,,,,,
,,,,,,
,,,,,,
,,,,,,
,,,,,,
,,,,,,
,,,,,,
,,,,,,
,,,,,,
,,,,,,
,,,,,,
,,,,,,
,,,,,,
,,,,,,
,,,,,,
,,,,,,
,,,,,,
,,,,,,
,,,,,,
,,,,,,
,,,,,,
,,,,,,
,,,,,,
,,,,,,
,,,,,,
,,,,,,
,,,,,,
,,,,,,
,,,,,,
,,,,,,
,,,,,,
,,,,,,
,,,,,,
,,,,,,
,,,,,,
,,,,,,
,,,,,,
,,,,,,
,,,,,,
,,,,,,
,,,,,,
,,,,,,
,,,,,,
,,,,,,
,,,,,,
,,,,,,
,,,,,,
,,,,,,
,,,,,,
,,,,,,
,,,,,,
,,,,,,
,,,,,,
,,,,,,
,,,,,,
,,,,,,
,,,,,,
,,,,,,
,,,,,,
,,,,,,
,,,,,,
,,,,,,
,,,,,,
,,,,,,
,,,,,,
,,,,,,
,,,,,,
,,,,,,
,,,,,,
,,,,,,
,,,,,,
,,,,,,
,,,,,,
,,,,,,
,,,,,,
,,,,,,
,,,,,,
,,,,,,
,,,,,,
,,,,,,
,,,,,,
,,,,,,
,,,,,,
,,,,,,
,,,,,,
,,,,,,
,,,,,,
,,,,,,
,,,,,,
,,,,,,
,,,,,,
,,,,,,
,,,,,,
,,,,,,
,,,,,,
,,,,,,
,,,,,,
,,,,,,
,,,,,,
,,,,,,
,,,,,,
,,,,,,
,,,,,,
,,,,,,
,,,,,,
,,,,,,
,,,,,,
,,,,,,
,,,,,,
,,,,,,
,,,,,,
,,,,,,
,,,,,,
,,,,,,
,,,,,,
,,,,,,
,,,,,,
,,,,,,
,,,,,,
,,,,,,
,,,,,,
,,,,,,
,,,,,,
,,,,,,
,,,,,,
,,,,,,
,,,,,,
,,,,,,
,,,,,,
,,,,,,
,,,,,,
,,,,,,
,,,,,,
,,,,,,
,,,,,,
,,,,,,
,,,,,,
,,,,,,
,,,,,,
,,,,,,
,,,,,,
,,,,,,
,,,,,,
,,,,,,
,,,,,,
,,,,,,
,,,,,,
,,,,,,
,,,,,,
,,,,,,
,,,,,,
,,,,,,
,,,,,,
,,,,,,
,,,,,,
,,,,,,
,,,,,,
,,,,,,
,,,,,,
,,,,,,
,,,,,,
,,,,,,
,,,,,,
,,,,,,
,,,,,,
,,,,,,
,,,,,,
,,,,,,
,,,,,,
,,,,,,
,,,,,,
,,,,,,
,,,,,,
,,,,,,
,,,,,,
,,,,,,
,,,,,,
,,,,,,
,,,,,,
,,,,,,
,,,,,,
,,,,,,
,,,,,,
,,,,,,
,,,,,,
,,,,,,
,,,,,,
,,,,,,
,,,,,,
,,,,,,
,,,,,,
,,,,,,
,,,,,,
,,,,,,
,,,,,,
,,,,,,
,,,,,,
,,,,,,
,,,,,,
,,,,,,
,,,,,,
,,,,,,
,,,,,,
,,,,,,
,,,,,,
,,,,,,
,,,,,,
,,,,,,
,,,,,,
,,,,,,
,,,,,,
,,,,,,
,,,,,,
,,,,,,
,,,,,,
,,,,,,
,,,,,,
,,,,,,
,,,,,,
,,,,,,
,,,,,,
,,,,,,
,,,,,,
,,,,,,
,,,,,,
,,,,,,
,,,,,,
,,,,,,
,,,,,,
,,,,,,
,,,,,,
,,,,,,
,,,,,,
,,,,,,
,,,,,,
,,,,,,
,,,,,,
,,,,,,
,,,,,,
,,,,,,
,,,,,,
,,,,,,
,,,,,,
,,,,,,
,,,,,,
,,,,,,
,,,,,,
,,,,,,
,,,,,,
,,,,,,
,,,,,,
,,,,,,
,,,,,,
,,,,,,
,,,,,,
,,,,,,
,,,,,,
,,,,,,
,,,,,,
,,,,,,
,,,,,,
,,,,,,
,,,,,,
,,,,,,
,,,,,,
,,,,,,
,,,,,,
,,,,,,
,,,,,,
,,,,,,
,,,,,,
,,,,,,
,,,,,,
,,,,,,
,,,,,,
,,,,,,
,,,,,,
,,,,,,
,,,,,,
,,,,,,
,,,,,,
,,,,,,
,,,,,,
,,,,,,
,,,,,,
,,,,,,
,,,,,,
,,,,,,
,,,,,,
,,,,,,
,,,,,,
,,,,,,
,,,,,,
,,,,,,
,,,,,,
,,,,,,
,,,,,,
,,,,,,
,,,,,,
,,,,,,
,,,,,,
,,,,,,
,,,,,,
,,,,,,
,,,,,,
,,,,,,
,,,,,,
,,,,,,
,,,,,,
,,,,,,
,,,,,,
,,,,,,
,,,,,,
,,,,,,
,,,,,,
,,,,,,
,,,,,,
,,,,,,
,,,,,,
,,,,,,
,,,,,,
,,,,,,
,,,,,,
,,,,,,
,,,,,,
,,,,,,
,,,,,,
