"Plot","Treatment","Rep","Row","Column","PINumber","DaysToFlower"
4001,"HN",4,2,10,"SC0448",80
4002,"HN",4,2,11,"PI534006",83
4003,"HN",4,2,12,"PI534097",68
4004,"HN",4,2,13,"SC1216",69
4005,"HN",4,2,14,"SC0582",76
4006,"HN",4,2,15,"PI533882",71
4007,"HN",4,2,16,"PI597952",64
4008,"HN",4,2,17,"PI642791",68
4009,"HN",4,2,18,"PI533788",65
4010,"HN",4,2,19,"PI656062",76
4011,"HN",4,2,20,"PI576391",69
4012,"HN",4,2,21,"Border",62
4013,"HN",4,2,22,"Border",62
4014,"HN",4,2,23,"PI656071",69
4015,"HN",4,3,10,"PI533966",69
4016,"HN",4,3,11,"PI576340",69
4017,"HN",4,3,12,"PI533955",66
4018,"HN",4,3,13,"PI576368",69
4020,"HN",4,3,15,"SC0858",66
4021,"HN",4,3,16,"PI533827",71
4022,"HN",4,3,17,"PI533805",61
4023,"HN",4,3,18,"PI533990",63
4024,"HN",4,3,19,"PI533804",58
4025,"HN",4,3,20,"SC0287",53
4026,"HN",4,3,21,"PI534093",59
4027,"HN",4,3,22,"SC0604",60
4028,"HN",4,3,23,"PI656096",64
4029,"HN",4,4,10,"PI564163",64
4030,"HN",4,4,11,"PI533887",61
4031,"HN",4,4,12,"SC0895",71
4033,"HN",4,4,14,"PI533797",78
4034,"HN",4,4,15,"PI533864",52
4035,"HN",4,4,16,"PI609456",84
4036,"HN",4,4,17,"PI534119",66
4037,"HN",4,4,18,"SC0921",78
4038,"HN",4,4,19,"SC0965",52
4039,"HN",4,4,20,"PI533884",66
4040,"HN",4,4,21,"PI576380",69
4041,"HN",4,4,22,"PI576338",64
4042,"HN",4,4,23,"PI576328",66
4043,"HN",4,5,10,"PI534080",61
4044,"HN",4,5,11,"PI597974",59
4045,"HN",4,5,12,"PI564163",64
4046,"HN",4,5,13,"PI533976",66
4047,"HN",4,5,14,"PI533824",76
4048,"HN",4,5,15,"PI533836",66
4049,"HN",4,5,16,"PI595715",61
4050,"HN",4,5,17,"PI533940",69
4051,"HN",4,5,18,"PI576387",62
4052,"HN",4,5,19,"PI576335",64
4053,"HN",4,5,20,"PI595747",62
4054,"HN",4,5,21,"PI564163",64
4055,"HN",4,5,22,"PI656108",60
4056,"HN",4,5,23,"PI533885",61
4057,"HN",4,6,10,"PI533754",64
4058,"HN",4,6,11,"PI656095",62
4059,"HN",4,6,12,"PI533844",77
4060,"HN",4,6,13,"PI534128",68
4061,"HN",4,6,14,"PI533932",76
4062,"HN",4,6,15,"SC0276",61
4063,"HN",4,6,16,"PI534161",88
4064,"HN",4,6,17,"PI656090",66
4065,"HN",4,6,18,"PI576385",60
4066,"HN",4,6,19,"PI533996",63
4067,"HN",4,6,20,"PI533765",65
4068,"HN",4,6,21,"PI534015",69
4069,"HN",4,6,22,"PI153852",64
4070,"HN",4,6,23,"PI597954",64
4071,"HN",4,7,10,"PI656018",75
4072,"HN",4,7,11,"PI576400",66
4073,"HN",4,7,12,"PI656019",62
4074,"HN",4,7,13,"PI576373",66
4075,"HN",4,7,14,"PI533991",66
4076,"HN",4,7,15,"PI613536",69
4077,"HN",4,7,16,"PI564163",64
4078,"HN",4,7,17,"PI533751",66
4079,"HN",4,7,18,"PI533790",58
4080,"HN",4,7,19,"PI597966",64
4081,"HN",4,7,20,"SC0456",66
4082,"HN",4,7,21,"PI564165",76
4083,"HN",4,7,22,"PI533822",68
4084,"HN",4,7,23,"PI534135",69
4085,"HN",4,8,10,"PI533821",68
4086,"HN",4,8,11,"PI534142",66
4087,"HN",4,8,12,"PI533771",61
4088,"HN",4,8,13,"PI534165",68
4089,"HN",4,8,14,"PI655994",64
4090,"HN",4,8,15,"PI656060",64
4091,"HN",4,8,16,"PI533780",58
4092,"HN",4,8,17,"PI534094",69
4093,"HN",4,8,18,"PI576358",69
4094,"HN",4,8,19,"PI533974",73
4095,"HN",4,8,20,"PI533807",69
4096,"HN",4,8,21,"PI534111",62
4097,"HN",4,8,22,"PI576343",62
4098,"HN",4,8,23,"PI576405",69
4099,"HN",4,9,10,"PI656041",75
4100,"HN",4,9,11,"PI659696",65
4101,"HN",4,9,12,"Tx430",68
4102,"HN",4,9,13,"PI656114",64
4103,"HN",4,9,14,"PI576374",69
4104,"HN",4,9,15,"PI576367",68
4105,"HN",4,9,16,"PI576418",75
4106,"HN",4,9,17,"PI564163",63
4107,"HN",4,9,18,"PI534034",68
4108,"HN",4,9,19,"SC0235",71
4109,"HN",4,9,20,"SC0479",82
4110,"HN",4,9,21,"PI533857",71
4111,"HN",4,9,22,"PI533927",68
4112,"HN",4,9,23,"PI576352",65
4113,"HN",4,10,10,"PI533755",71
4114,"HN",4,10,11,"PI533769",60
4115,"HN",4,10,12,"PI533815",62
4116,"HN",4,10,13,"PI597953",51
4117,"HN",4,10,14,"SC1442",61
4118,"HN",4,10,15,"PI595712",58
4119,"HN",4,10,16,"PI597956",59
4120,"HN",4,10,17,"PI655992",66
4121,"HN",4,10,18,"PI533975",64
4122,"HN",4,10,19,"PI533977",63
4123,"HN",4,10,20,"PI534130",69
4124,"HN",4,10,21,"SC1107",62
4125,"HN",4,10,22,"PI576392",59
4126,"HN",4,10,23,"PI533850",71
4127,"HN",4,11,10,"PI656006",71
4128,"HN",4,11,11,"PI534002",66
4129,"HN",4,11,12,"PI576394",67
4130,"HN",4,11,13,"PI656049",72
4131,"HN",4,11,14,"PI564163",62
4132,"HN",4,11,15,"PI656093",68
4133,"HN",4,11,16,"PI533967",80
4134,"HN",4,11,17,"SC0823",67
4135,"HN",4,11,18,"PI533841",68
4136,"HN",4,11,19,"PI576382",57
4137,"HN",4,11,20,"PI533911",64
4138,"HN",4,11,21,"PI597960",71
4139,"HN",4,11,22,"PI597971",64
4140,"HN",4,11,23,"PI564163",63
4141,"HN",4,12,10,"PI595746",73
4142,"HN",4,12,11,"PI656094",64
4143,"HN",4,12,12,"PI659753",89
4144,"HN",4,12,13,"SC1119",66
4145,"HN",4,12,14,"PI534090",62
4146,"HN",4,12,15,"PI533863",71
4147,"HN",4,12,16,"PI534133",69
4148,"HN",4,12,17,"PI533775",68
4149,"HN",4,12,18,"PI561072",69
4150,"HN",4,12,19,"PI576372",66
4151,"HN",4,12,20,"PI576390",60
4152,"HN",4,12,21,"PI656032",80
4153,"HN",4,12,22,"PI153844",64
4154,"HN",4,12,23,"PI595732",68
4155,"HN",4,13,10,"PI595735",66
4156,"HN",4,13,11,"PI534131",77
4157,"HN",4,13,12,"PI656020",66
4159,"HN",4,13,14,"PI534045",64
4160,"HN",4,13,15,"PI656050",66
4161,"HN",4,13,16,"PI564163",65
4162,"HN",4,13,17,"PI533933",74
4163,"HN",4,13,18,"PI533886",60
4164,"HN",4,13,19,"PI597965",62
4165,"HN",4,13,20,"ElMota",66
4166,"HN",4,13,21,"PI534089",70
4167,"HN",4,13,22,"PI656070",69
4168,"HN",4,13,23,"PI534151",67
4169,"HN",4,14,10,"PI595700",84
4170,"HN",4,14,11,"PI533943",69
4171,"HN",4,14,12,"PI534013",87
4172,"HN",4,14,13,"PI533833",66
4173,"HN",4,14,14,"PI533808",64
4174,"HN",4,14,15,"SC0263",66
4175,"HN",4,14,16,"PI576375",67
4176,"HN",4,14,17,"PI533764",69
4177,"HN",4,14,18,"RTAM2566",66
4178,"HN",4,14,19,"PI533799",66
4179,"HN",4,14,20,"PI595733",66
4180,"HN",4,14,21,"PI656025",62
4181,"HN",4,14,22,"PI152651",53
4182,"HN",4,14,23,"PI534163",69
4183,"HN",4,15,10,"PI534004",84
4184,"HN",4,15,11,"PI534159",76
4185,"HN",4,15,12,"PI533859",82
4186,"HN",4,15,13,"PI534114",69
4187,"HN",4,15,14,"PI534079",64
4188,"HN",4,15,15,"PI564164",73
4189,"HN",4,15,16,"PI576432",62
4190,"HN",4,15,17,"PI533986",67
4191,"HN",4,15,18,"PI656048",73
4192,"HN",4,15,19,"PI34911",71
4193,"HN",4,15,20,"PI576412",69
4194,"HN",4,15,21,"BTx378",69
4195,"HN",4,15,22,"PI576370",65
4196,"HN",4,15,23,"PI533856",80
4197,"HN",4,16,10,"PI597973",69
4198,"HN",4,16,11,"PI533785",66
4199,"HN",4,16,12,"PI656083",66
4200,"HN",4,16,13,"PI533876",55
4201,"HN",4,16,14,"SC0864",64
4202,"HN",4,16,15,"PI597969",68
4203,"HN",4,16,16,"PI576349",64
4204,"HN",4,16,17,"PI534024",80
4205,"HN",4,16,18,"PI576361",68
4206,"HN",4,16,19,"PI564163",63
4207,"HN",4,16,20,"PI533883",58
4208,"HN",4,16,21,"Day",64
4209,"HN",4,16,22,"PI533964",68
4210,"HN",4,16,23,"PI576386",76
4211,"HN",4,17,10,"PI534043",68
4212,"HN",4,17,11,"PI564163",65
4213,"HN",4,17,12,"PI534053",71
4214,"HN",4,17,13,"PI534124",65
4215,"HN",4,17,14,"PI651496",82
4216,"HN",4,17,15,"PI534127",69
4217,"HN",4,17,16,"PI534023",83
4218,"HN",4,17,17,"PI656036",75
4219,"HN",4,17,18,"PI534087",58
4220,"HN",4,17,19,"PI597977",51
4221,"HN",4,17,20,"SC0878",66
4222,"HN",4,17,21,"PI534062",76
4223,"HN",4,17,22,"SC0914",66
4224,"HN",4,17,23,"PI534158",63
4225,"HN",4,18,10,"PI22326",76
4226,"HN",4,18,11,"PI534147",64
4227,"HN",4,18,12,"PI641874",62
4228,"HN",4,18,13,"PI533810",77
4229,"HN",4,18,14,"PI576347",53
4230,"HN",4,18,15,"PI576417",67
4231,"HN",4,18,16,"PI576430",60
4232,"HN",4,18,17,"PI656012",75
4233,"HN",4,18,18,"PI601816",67
4234,"HN",4,18,19,"PI534155",75
4235,"HN",4,18,20,"PI576427",58
4236,"HN",4,18,21,"PI533985",64
4237,"HN",4,18,22,"SC0542",60
4238,"HN",4,18,23,"SC0837",71
4239,"HN",4,19,10,"PI534145",59
4240,"HN",4,19,11,"SC0343",64
4241,"HN",4,19,12,"SC0602",66
4242,"HN",4,19,13,"PI534022",75
4243,"HN",4,19,14,"PI576421",64
4244,"HN",4,19,15,"SC1114",60
4245,"HN",4,19,16,"PI656028",75
4246,"HN",4,19,17,"PI534077",63
4247,"HN",4,19,18,"PI656010",66
4248,"HN",4,19,19,"SC0893",68
4249,"HN",4,19,20,"PI574455",68
4250,"HN",4,19,21,"PI595728",75
4251,"HN",4,19,22,"PI656004",68
4252,"HN",4,19,23,"PI564163",63
4253,"HN",4,20,10,"PI533832",61
4254,"HN",4,20,11,"PI533849",62
4255,"HN",4,20,12,"PI561472",76
4256,"HN",4,20,13,"PI533796",62
4257,"HN",4,20,14,"PI534064",58
4258,"HN",4,20,15,"PI534058",58
4259,"HN",4,20,16,"PI576433",71
4260,"HN",4,20,17,"PI576397",68
4261,"HN",4,20,18,"PI564163",63
4262,"HN",4,20,19,"PI564163",63
4263,"HN",4,20,20,"PI656076",65
4264,"HN",4,20,21,"PI533890",56
4265,"HN",4,20,22,"PI656035",64
4266,"HN",4,20,23,"RTx2917",68
4267,"HN",4,21,10,"PI595709",66
4268,"HN",4,21,11,"PI576429",66
4269,"HN",4,21,12,"PI597979",61
4270,"HN",4,21,13,"PI564163",63
4271,"HN",4,21,14,"PI534039",60
4272,"HN",4,21,15,"PI533987",57
4273,"HN",4,21,16,"PI533794",64
4274,"HN",4,21,17,"PI656059",71
4275,"HN",4,21,18,"PI534068",69
4276,"HN",4,21,19,"PI534067",66
4277,"HN",4,21,20,"PI576436",68
4278,"HN",4,21,21,"PI576362",71
4279,"HN",4,21,22,"PI534102",62
4280,"HN",4,21,23,"SC0247",69
4281,"HN",4,22,10,"PI576337",65
4283,"HN",4,22,12,"PI576431",62
4284,"HN",4,22,13,"BTx645",68
4285,"HN",4,22,14,"PI533760",66
4286,"HN",4,22,15,"PI597947",61
4287,"HN",4,22,16,"PI656072",80
4288,"HN",4,22,17,"PI534137",69
4289,"HN",4,22,18,"PI533814",80
4290,"HN",4,22,19,"PI656000",63
4291,"HN",4,22,20,"SC0847",62
4292,"HN",4,22,21,"PI585295",64
4293,"HN",4,22,22,"PI533957",63
4294,"HN",4,22,23,"PI597972",62
4295,"HN",4,23,10,"PI655999",69
4296,"HN",4,23,11,"PI656106",69
4297,"HN",4,23,12,"PI533958",76
4298,"HN",4,23,13,"PI533840",58
4299,"HN",4,23,14,"PI564163",65
4300,"HN",4,23,15,"PI576376",68
4301,"HN",4,23,16,"PI533915",62
4302,"HN",4,23,17,"SC0092",69
4303,"HN",4,23,18,"PI533878",69
4304,"HN",4,23,19,"SC0685",59
4305,"HN",4,23,20,"PI534009",88
4306,"HN",4,23,21,"PI656103",62
4307,"HN",4,23,22,"PI656078",68
4308,"HN",4,23,23,"PI656110",69
4309,"HN",4,24,10,"PI564163",66
4310,"HN",4,24,11,"PI576419",58
4311,"HN",4,24,12,"PI576383",58
4312,"HN",4,24,13,"PI548797",69
4313,"HN",4,24,14,"PI533746",58
4314,"HN",4,24,15,"PI533830",62
4315,"HN",4,24,16,"PI597949",79
4316,"HN",4,24,17,"PI534091",60
4317,"HN",4,24,18,"PI655995",76
4318,"HN",4,24,19,"PI576360",75
4319,"HN",4,24,20,"PI576381",73
4320,"HN",4,24,21,"PI656117",73
4321,"HN",4,24,22,"PI564163",64
4322,"HN",4,24,23,"PI564163",63
4323,"HN",4,25,10,"PI564163",64
4324,"HN",4,25,11,"PI533860",64
4325,"HN",4,25,12,"PI576364",62
4326,"HN",4,25,13,"PI533995",62
4327,"HN",4,25,14,"SC1193",69
4328,"HN",4,25,15,"PI597981",58
4329,"HN",4,25,16,"PI533924",69
4330,"HN",4,25,17,"PI533818",64
4331,"HN",4,25,18,"PI656031",66
4332,"HN",4,25,19,"PI595714",62
4333,"HN",4,25,20,"PI534104",66
4334,"HN",4,25,21,"PI534046",65
4335,"HN",4,25,22,"PI564163",64
4336,"HN",4,25,23,"PI595738",68
4337,"HN",4,26,10,"PI656016",66
4338,"HN",4,26,11,"PI656040",76
4339,"HN",4,26,12,"PI656080",66
4340,"HN",4,26,13,"PI534116",66
4341,"HN",4,26,14,"PI533877",61
4342,"HN",4,26,15,"PI533950",61
4343,"HN",4,26,16,"RTX2737",64
4344,"HN",4,26,17,"SC0540",59
4345,"HN",4,26,18,"PI576410",66
4346,"HN",4,26,19,"PI533852",71
4347,"HN",4,26,20,"PI533800",73
4348,"HN",4,26,21,"PI17548",65
4349,"HN",4,26,22,"PI533938",63
4350,"HN",4,26,23,"PI576420",60
4351,"HN",4,27,10,"PI533971",63
4352,"HN",4,27,11,"PI533761",76
4353,"HN",4,27,12,"PI597975",59
4354,"HN",4,27,13,"SC0759",61
4355,"HN",4,27,14,"PI533812",68
4356,"HN",4,27,15,"PI576378",69
4358,"HN",4,27,17,"SC1023",69
4359,"HN",4,27,18,"PI659694",68
4360,"HN",4,27,19,"PI533926",53
4361,"HN",4,27,20,"PI659691",76
4362,"HN",4,27,21,"PI552861",66
4363,"HN",4,27,22,"PI533912",49
4364,"HN",4,27,23,"PI564163",64
4365,"HN",4,28,10,"PI534042",56
4366,"HN",4,28,11,"PI533758",64
4367,"HN",4,28,12,"PI656100",77
4368,"HN",4,28,13,"PI656101",59
4369,"HN",4,28,14,"PI48770",69
4370,"HN",4,28,15,"PI595721",62
4371,"HN",4,28,16,"PI534065",61
4372,"HN",4,28,17,"PI576389",66
4373,"HN",4,28,18,"PI533939",64
4374,"HN",4,28,19,"SC0003",64
4375,"HN",4,28,20,"PI656107",75
4376,"HN",4,28,21,"PI576434",80
4377,"HN",4,28,22,"PI564163",64
4378,"HN",4,28,23,"PI534050",64
4379,"HN",4,29,10,"PI534098",65
4382,"HN",4,29,13,"PI597961",64
4383,"HN",4,29,14,"PI656116",61
4384,"HN",4,29,15,"PI533979",61
4385,"HN",4,29,16,"PI533925",80
4386,"HN",4,29,17,"PI533867",65
4387,"HN",4,29,18,"PI656007",68
4388,"HN",4,29,19,"PI534070",60
4389,"HN",4,29,20,"PI656009",73
4390,"HN",4,29,21,"PI534146",67
4391,"HN",4,29,22,"PI533819",59
4392,"HN",4,29,23,"PI533869",71
4393,"HN",4,30,10,"PI656102",66
4394,"HN",4,30,11,"PI533866",61
4395,"HN",4,30,12,"PI597970",61
4396,"HN",4,30,13,"SC0636",76
4397,"HN",4,30,14,"PI576357",61
4398,"HN",4,30,15,"PI534095",65
4399,"HN",4,30,16,"PI534129",78
4400,"HN",4,30,17,"PI576428",70
4401,"HN",4,30,18,"PI534026",71
4402,"HN",4,30,19,"PI564163",64
4403,"HN",4,30,20,"PI595727",62
4404,"HN",4,30,21,"PI534108",68
4405,"HN",4,30,22,"PI534069",65
4406,"HN",4,30,23,"PI534030",69
4407,"HN",4,31,10,"PI656089",62
4408,"HN",4,31,11,"PI656112",64
4409,"HN",4,31,12,"PI576331",82
4411,"HN",4,31,14,"SC1024",71
4412,"HN",4,31,15,"PI576393",62
4413,"HN",4,31,16,"PI533774",62
4414,"HN",4,31,17,"PI534081",66
4415,"HN",4,31,18,"PI533928",69
4416,"HN",4,31,19,"PI534047",54
4417,"HN",4,31,20,"PI534071",62
4418,"HN",4,31,21,"PI533992",69
4419,"HN",4,31,22,"PI533874",63
4420,"HN",4,31,23,"PI533944",69
4421,"HN",4,32,10,"PI597958",69
4422,"HN",4,32,11,"SC1133",61
4423,"HN",4,32,12,"PI533888",69
4424,"HN",4,32,13,"PI533763",54
4425,"HN",4,32,14,"PI533969",71
4426,"HN",4,32,15,"PI534032",69
4427,"HN",4,32,16,"PI656053",69
4428,"HN",4,32,17,"FeteritaGishesh",57
4429,"HN",4,32,18,"PI533779",58
4430,"HN",4,32,19,"PI533900",62
4431,"HN",4,32,20,"SC0556",61
4432,"HN",4,32,21,"PI534073",58
4433,"HN",4,32,22,"PI534075",61
4434,"HN",4,32,23,"PI595703",76
4435,"HN",4,33,10,"SanChiSan",63
4436,"HN",4,33,11,"PI533837",67
4437,"HN",4,33,12,"PI533795",67
4438,"HN",4,33,13,"PI656003",75
4439,"HN",4,33,14,"PI533781",60
4440,"HN",4,33,15,"SC0868",66
4441,"HN",4,33,16,"PI533983",69
4442,"HN",4,33,17,"PI533994",69
4443,"HN",4,33,18,"PI595743",76
4444,"HN",4,33,19,"PI533930",66
4445,"HN",4,33,20,"PI533931",71
4446,"HN",4,33,21,"PI595710",74
4447,"HN",4,33,22,"PI533997",68
4448,"HN",4,33,23,"PI534126",67
4449,"HN",4,34,10,"PI533980",76
4450,"HN",4,34,11,"PI576353",64
4451,"HN",4,34,12,"PI533880",61
4452,"HN",4,34,13,"PI534141",69
4453,"HN",4,34,14,"PI533861",76
4454,"HN",4,34,15,"PI534109",68
4455,"HN",4,34,16,"PI595739",69
4456,"HN",4,34,17,"PI533778",60
4457,"HN",4,34,18,"PI597944",66
4458,"HN",4,34,19,"PI534105",64
4459,"HN",4,34,20,"PI564163",64
4460,"HN",4,34,21,"PI533960",62
4461,"HN",4,34,22,"PI564163",66
4462,"HN",4,34,23,"PI576130",78
4463,"HN",4,35,10,"SC0713",59
4464,"HN",4,35,11,"SC0777",64
4465,"HN",4,35,12,"PI534157",71
4466,"HN",4,35,13,"PI534031",71
4467,"HN",4,35,14,"PI534048",76
4468,"HN",4,35,15,"PI534051",69
4469,"HN",4,35,16,"PI533984",66
4470,"HN",4,35,17,"PI656087",60
4471,"HN",4,35,18,"PI533956",63
4472,"HN",4,35,19,"PI533811",64
4473,"HN",4,35,20,"PI564163",66
4474,"HN",4,35,21,"PI656021",64
4475,"HN",4,35,22,"PI595716",62
4476,"HN",4,35,23,"PI576371",63
4477,"HN",4,36,10,"SC1166",65
4478,"HN",4,36,11,"PI534020",76
4479,"HN",4,36,12,"PI655971",59
4480,"HN",4,36,13,"PI656011",76
4481,"HN",4,36,14,"PI655970",77
4482,"HN",4,36,15,"PI533904",64
4483,"HN",4,36,16,"PI533772",60
4484,"HN",4,36,17,"PI564163",65
4485,"HN",4,36,18,"PI534139",51
4486,"HN",4,36,19,"PI534166",60
4487,"HN",4,36,20,"PI595748",78
4488,"HN",4,36,21,"PI597980",62
4489,"HN",4,36,22,"SC0236",69
4490,"HN",4,36,23,"PI656029",74
4491,"HN",4,37,10,"PI533792",63
4492,"HN",4,37,11,"PI595711",69
4493,"HN",4,37,12,"PI534055",64
4494,"HN",4,37,13,"PI656022",63
4495,"HN",4,37,14,"PI576408",64
4496,"HN",4,37,15,"PI564163",63
4497,"HN",4,37,16,"SC0138",62
4498,"HN",4,37,17,"PI534005",66
4499,"HN",4,37,18,"SC1097",71
4500,"HN",4,37,19,"SC1021",68
4501,"HN",4,37,20,"PI576365",69
4502,"HN",4,37,21,"PI656039",69
4503,"HN",4,37,22,"SC0871",77
4505,"HN",4,38,10,"PI595726",68
4506,"HN",4,38,11,"PI534084",60
4507,"HN",4,38,12,"PI534113",68
4508,"HN",4,38,13,"PI576395",64
4509,"HN",4,38,14,"PI533757",65
4510,"HN",4,38,15,"PI533773",63
4511,"HN",4,38,16,"PI576416",58
4512,"HN",4,38,17,"PI564163",63
4513,"HN",4,38,18,"PI534040",63
4514,"HN",4,38,19,"SC0999",68
4515,"HN",4,38,20,"PI656023",68
4516,"HN",4,38,21,"PI533847",65
4517,"HN",4,38,22,"SC0201",77
4518,"HN",4,38,23,"PI656046",68
4519,"HN",4,39,10,"PI656001",85
4520,"HN",4,39,11,"PI533835",68
4521,"HN",4,39,12,"PI534154",75
4522,"HN",4,39,13,"PI576339",66
4523,"HN",4,39,14,"PI656097",80
4524,"HN",4,39,15,"PI656058",69
4525,"HN",4,39,16,"PI534101",68
4526,"HN",4,39,17,"PI534000",66
4527,"HN",4,39,18,"PI564163",63
4528,"HN",4,39,19,"PI533920",58
4529,"HN",4,39,20,"PI576404",60
4530,"HN",4,39,21,"PI534085",62
4531,"HN",4,39,22,"PI576356",64
4532,"HN",4,39,23,"PI534150",74
4533,"HN",4,40,10,"PI534118",69
4534,"HN",4,40,11,"PI655996",69
4535,"HN",4,40,12,"PI533965",68
4536,"HN",4,40,13,"PI534112",68
4537,"HN",4,40,14,"PI533782",52
4538,"HN",4,40,15,"PI533954",63
4539,"HN",4,40,16,"SC0616",64
4540,"HN",4,40,17,"PI533909",62
4541,"HN",4,40,18,"PI656091",78
4542,"HN",4,40,19,"PI534120",76
4543,"HN",4,40,20,"PI534153",62
4544,"HN",4,40,21,"PI642992",68
4545,"HN",4,40,22,"SC0923",71
4546,"HN",4,40,23,"PI533949",58
4547,"HN",4,41,10,"SC0834",69
4548,"HN",4,41,11,"PI655993",66
4549,"HN",4,41,12,"PI533855",69
4550,"HN",4,41,13,"SC0741",68
4551,"HN",4,41,14,"PI656074",66
4552,"HN",4,41,15,"SC1446",63
4553,"HN",4,41,16,"PI576422",66
4554,"HN",4,41,17,"SC0505",69
4555,"HN",4,41,18,"PI656037",69
4556,"HN",4,41,19,"PI576406",76
4557,"HN",4,41,20,"PI576425",66
4558,"HN",4,41,21,"PI656088",71
4559,"HN",4,41,22,"PI597955",62
4560,"HN",4,41,23,"SC0190",66
4561,"HN",4,42,10,"PI576409",61
4562,"HN",4,42,11,"PI534078",59
4563,"HN",4,42,12,"PI576437",65
4564,"HN",4,42,13,"PI533905",76
4565,"HN",4,42,14,"PI576351",58
4566,"HN",4,42,15,"SC0400",52
4567,"HN",4,42,16,"PI153846",66
4569,"HN",4,42,18,"PI564163",63
4570,"HN",4,42,19,"PI533989",69
4571,"HN",4,42,20,"RTx2783",73
4572,"HN",4,42,21,"PI656105",65
4573,"HN",4,42,22,"PI564163",64
4574,"HN",4,42,23,"PI534082",65
4575,"HN",4,43,10,"PI533787",63
4576,"HN",4,43,11,"PI642998",65
4577,"HN",4,43,12,"PI533952",68
4578,"HN",4,43,13,"PI655976",69
4579,"HN",4,43,14,"PI576369",71
4580,"HN",4,43,15,"PI561071",78
4581,"HN",4,43,16,"SC0436",66
4582,"HN",4,43,17,"PI595719",83
4583,"HN",4,43,18,"PI595704",71
4584,"HN",4,43,19,"PI533894",64
4585,"HN",4,43,20,"PI533895",64
4586,"HN",4,43,21,"PI533908",69
4587,"HN",4,43,22,"SC0409",64
4588,"HN",4,43,23,"PI534072",62
4589,"HN",4,44,10,"PI534125",77
4590,"HN",4,44,11,"PI533963",64
4591,"HN",4,44,12,"PI533916",64
4592,"HN",4,44,13,"PI576413",67
4593,"HN",4,44,14,"PI576414",64
4594,"HN",4,44,15,"PI534121",64
4595,"HN",4,44,16,"PI533910",75
4596,"HN",4,44,17,"PI564163",63
4597,"HN",4,44,18,"PI534041",68
4598,"HN",4,44,19,"PI656077",62
4599,"HN",4,44,20,"PI576333",69
4600,"HN",4,44,21,"PI534134",69
4601,"HN",4,44,22,"PI564163",65
4602,"HN",4,44,23,"PI656024",76
4603,"HN",4,45,10,"PI576366",57
4604,"HN",4,45,11,"PI595729",59
4605,"HN",4,45,12,"PI534099",64
4606,"HN",4,45,13,"PI534001",78
4607,"HN",4,45,14,"PI576359",76
4608,"HN",4,45,15,"PI534136",75
4609,"HN",4,45,16,"PI534025",83
4610,"HN",4,45,17,"PI564163",64
4611,"HN",4,45,18,"PI656075",76
4612,"HN",4,45,19,"PI534149",66
4613,"HN",4,45,20,"SC0652",60
4614,"HN",4,45,21,"PI564163",65
4615,"HN",4,45,22,"PI542406",79
4616,"HN",4,45,23,"PI656086",69
4617,"HN",4,46,10,"PI642793",66
4618,"HN",4,46,11,"PI576415",54
4619,"HN",4,46,12,"PI656084",69
4620,"HN",4,46,13,"PI533970",69
4621,"HN",4,46,14,"SC0581",80
4622,"HN",4,46,15,"PI533872",66
4623,"HN",4,46,16,"PI597945",61
4624,"HN",4,46,17,"PI576354",69
4625,"HN",4,46,18,"PI533959",66
4626,"HN",4,46,19,"PI533845",69
4627,"HN",4,46,20,"PI534052",66
4628,"HN",4,46,21,"PI576332",60
4629,"HN",4,46,22,"ShanQuiRed",62
4630,"HN",4,46,23,"PI564163",63
4631,"HN",4,47,10,"PI576401",80
4632,"HN",4,47,11,"PI655987",65
4633,"HN",4,47,12,"SC0854",66
4634,"HN",4,47,13,"PI534132",67
4635,"HN",4,47,14,"PI656005",64
4636,"HN",4,47,15,"SC0753",66
4637,"HN",4,47,16,"SC0517",61
4638,"HN",4,47,17,"SC0877",69
4639,"HN",4,47,18,"PI533942",66
4640,"HN",4,47,19,"PI595713",69
4641,"HN",4,47,20,"SC0615",62
4642,"HN",4,47,21,"PI533816",64
4643,"HN",4,47,22,"PI656121",62
4644,"HN",4,47,23,"PI533862",52
4645,"HN",4,48,10,"PI534036",84
4646,"HN",4,48,11,"PI534010",80
4647,"HN",4,48,12,"PI656068",69
4648,"HN",4,48,13,"PI533747",61
4649,"HN",4,48,14,"PI595725",64
4650,"HN",4,48,15,"PI656026",69
4651,"HN",4,48,16,"PI533789",69
4652,"HN",4,48,17,"PI576342",57
4653,"HN",4,48,18,"PI595730",48
4654,"HN",4,48,19,"PI597951",66
4655,"HN",4,48,20,"SC0314",63
4656,"HN",4,48,21,"PI576330",71
4657,"HN",4,48,22,"PI534110",66
4658,"HN",4,48,23,"PI534054",78
4659,"HN",4,49,10,"PI597982",60
4660,"HN",4,49,11,"PI656014",76
4661,"HN",4,49,12,"PI533791",52
4662,"HN",4,49,13,"PI534011",76
4663,"HN",4,49,14,"PI533843",68
4664,"HN",4,49,15,"PI576363",64
4665,"HN",4,49,16,"PI564163",64
4666,"HN",4,49,17,"PI597964",69
4667,"HN",4,49,18,"PI656073",76
4668,"HN",4,49,19,"PI576435",66
4669,"HN",4,49,20,"PI595720",62
4670,"HN",4,49,21,"PI533831",71
4671,"HN",4,49,22,"PI565121",66
4672,"HN",4,49,23,"PI533993",63
4673,"HN",4,50,10,"PI533846",66
4674,"HN",4,50,11,"PI533934",71
4675,"HN",4,50,12,"PI655973",68
4676,"HN",4,50,13,"PI534122",69
4677,"HN",4,50,14,"PI534007",64
4678,"HN",4,50,15,"PI533776",64
4679,"HN",4,50,16,"PI533858",76
4680,"HN",4,50,17,"PI533870",58
4681,"HN",4,50,18,"PI561073",78
4682,"HN",4,50,19,"PI595742",66
4683,"HN",4,50,20,"PI655986",66
4684,"HN",4,50,21,"PI656111",71
4685,"HN",4,50,22,"PI595708",64
4686,"HN",4,50,23,"PI533838",51
4687,"HN",4,51,10,"PI595718",58
4688,"HN",4,51,11,"PI534027",76
4689,"HN",4,51,12,"PI597959",60
4690,"HN",4,51,13,"PI595705",62
4691,"HN",4,51,14,"PI595736",62
4693,"HN",4,51,16,"PI534028",71
4694,"HN",4,51,17,"PI533896",60
4695,"HN",4,51,18,"PI533891",64
4696,"HN",4,51,19,"PI533851",71
4697,"HN",4,51,20,"PI595734",62
4698,"HN",4,51,21,"PI533982",65
4699,"HN",4,51,22,"SC0860",66
4700,"HN",4,51,23,"PI542718",62
4701,"HN",4,52,10,"SC0458",73
4702,"HN",4,52,11,"PI533935",67
4703,"HN",4,52,12,"PI533941",63
4704,"HN",4,52,13,"PI656052",63
4705,"HN",4,52,14,"PI533753",65
4707,"HN",4,52,16,"PI533946",68
4708,"HN",4,52,17,"PI534100",66
4709,"HN",4,52,18,"PI533750",64
4710,"HN",4,52,19,"PI656098",61
4711,"HN",4,52,20,"PI533898",62
4712,"HN",4,52,21,"PI276837",83
4713,"HN",4,52,22,"PI655978",66
4714,"HN",4,52,23,"PI533914",64
4715,"HN",4,53,10,"SC0191",62
4716,"HN",4,53,11,"PI533998",68
4717,"HN",4,53,12,"PI655974",69
4718,"HN",4,53,13,"PI533853",62
4719,"HN",4,53,14,"PI534018",68
4720,"HN",4,53,15,"PI533842",80
4721,"HN",4,53,16,"PI533906",69
4723,"HN",4,53,18,"PI534107",66
4724,"HN",4,53,19,"PI656055",64
4725,"HN",4,53,20,"SC1120",64
4726,"HN",4,53,21,"RTx430",66
4727,"HN",4,53,22,"SC0157",64
4728,"HN",4,53,23,"PI534035",80
4729,"HN",4,54,10,"PI533899",61
4730,"HN",4,54,11,"PI564163",64
4731,"HN",4,54,12,"PI534076",62
4732,"HN",4,54,13,"PI656079",69
4733,"HN",4,54,14,"PI534074",62
4734,"HN",4,54,15,"PI534167",66
4735,"HN",4,54,16,"PI656030",49
4736,"HN",4,54,17,"PI533749",68
4737,"HN",4,54,18,"PI533919",66
4738,"HN",4,54,19,"PI576398",71
4739,"HN",4,54,20,"PI595731",68
4740,"HN",4,54,21,"PI655972",69
4741,"HN",4,54,22,"PI533918",60
4742,"HN",4,54,23,"PI533813",68
4743,"HN",4,55,10,"PI656017",86
4744,"HN",4,55,11,"PI576399",66
4745,"HN",4,55,12,"PI534123",63
4747,"HN",4,55,14,"PI533897",62
4748,"HN",4,55,15,"PI564163",62
4749,"HN",4,55,16,"PI534056",66
4750,"HN",4,55,17,"PI656069",78
4751,"HN",4,55,18,"PI533825",64
4752,"HN",4,55,19,"PI564163",62
4753,"HN",4,55,20,"PI595744",63
4754,"HN",4,55,21,"PI597978",63
4755,"HN",4,55,22,"SC0470",69
4756,"HN",4,55,23,"PI534016",76
4757,"HN",4,56,10,"PI329440",66
4758,"HN",4,56,11,"PI533783",59
4759,"HN",4,56,12,"PI533828",66
4760,"HN",4,56,13,"Comb7078",61
4761,"HN",4,56,14,"PI576402",71
4762,"HN",4,56,15,"PI533936",65
4763,"HN",4,56,16,"PI533953",63
4764,"HN",4,56,17,"PI533854",71
4765,"HN",4,56,18,"PI533893",69
4766,"HN",4,56,19,"PI533777",61
4767,"HN",4,56,20,"PI576424",76
4768,"HN",4,56,21,"PI533756",63
4769,"HN",4,56,22,"PI564163",63
4770,"HN",4,56,23,"PI533802",61
4771,"HN",4,57,10,"PI607931",76
4772,"HN",4,57,11,"PI24969",75
4773,"HN",4,57,12,"PI533786",66
4774,"HN",4,57,13,"PI659695",66
4775,"HN",4,57,14,"PI656042",71
4776,"HN",4,57,15,"PI656057",76
4777,"HN",4,57,16,"PI641849",59
4778,"HN",4,57,17,"PI533999",64
4779,"HN",4,57,18,"SC0159",69
4780,"HN",4,57,19,"PI534160",64
4781,"HN",4,57,20,"PI595701",62
4782,"HN",4,57,21,"PI595737",64
4783,"HN",4,57,22,"PI533745",68
4784,"HN",4,57,23,"PI260213",64
4785,"HN",4,58,10,"PI534156",74
4786,"HN",4,58,11,"PI533948",76
4788,"HN",4,58,13,"PI534083",70
4789,"HN",4,58,14,"PI564163",62
4790,"HN",4,58,15,"PI564163",64
4791,"HN",4,58,16,"PI534019",69
4792,"HN",4,58,17,"PI576377",68
4793,"HN",4,58,18,"PI533902",73
4794,"HN",4,58,19,"PI533937",60
4795,"HN",4,58,20,"PI533809",62
4796,"HN",4,58,21,"PI576334",49
4797,"HN",4,58,22,"PI656099",83
4798,"HN",4,58,23,"SC0848",65
4799,"HN",4,59,10,"PI576379",71
4801,"HN",4,59,12,"PI533793",71
4802,"HN",4,59,13,"PI534061",62
4803,"HN",4,59,14,"PI597962",66
4804,"HN",4,59,15,"PI534017",71
4805,"HN",4,59,16,"PI656027",69
4806,"HN",4,59,17,"PI655975",67
4807,"HN",4,59,18,"PI533767",64
4809,"HN",4,59,20,"PI533881",65
4810,"HN",4,59,21,"SC0814",71
4811,"HN",4,59,22,"PI534117",61
4812,"HN",4,59,23,"SC0747",61
4816,"HN",4,60,13,"PI533923",61
4817,"HN",4,60,14,"PI533848",63
4818,"HN",4,60,15,"PI564163",64
4819,"HN",4,60,16,"PI629040",69
4820,"HN",4,60,17,"PI595740",71
4821,"HN",4,60,18,"PI656082",78
4822,"HN",4,60,19,"PI533913",62
4823,"HN",4,60,20,"PI533873",60
4824,"HN",4,60,21,"PI534060",57
4825,"HN",4,60,22,"PI534008",66
4826,"HN",4,60,23,"PI533834",73
4827,"HN",4,61,10,"PI533917",62
4828,"HN",4,61,11,"PI656034",75
4829,"HN",4,61,12,"PI534092",64
4830,"HN",4,61,13,"PI533820",64
4831,"HN",4,61,14,"PI533879",63
4832,"HN",4,61,15,"PI656115",66
4833,"HN",4,61,16,"PI534152",66
4834,"HN",4,61,17,"PI655998",61
4835,"HN",4,61,18,"PI534115",64
4836,"HN",4,61,19,"PI576345",68
4837,"HN",4,61,20,"PI533921",66
4838,"HN",4,61,21,"PI597946",61
4839,"HN",4,61,22,"PI655977",66
4840,"HN",4,61,23,"PI534066",64
4841,"HN",4,62,10,"PI576426",71
4842,"HN",4,62,11,"SC0618",69
4843,"HN",4,62,12,"PI595724",66
4844,"HN",4,62,13,"SC0640",66
4845,"HN",4,62,14,"PI595717",68
4846,"HN",4,62,15,"PI533784",61
4847,"HN",4,62,16,"Segaolane",66
4848,"HN",4,62,17,"PI656092",78
4849,"HN",4,62,18,"PI597967",66
4850,"HN",4,62,19,"PI595722",65
4851,"HN",4,62,20,"SC1170",61
4852,"HN",4,62,21,"SC0041",58
4853,"HN",4,62,22,"PI595706",65
4854,"HN",4,62,23,"PI659693",51
4855,"HN",4,63,10,"SC1058",69
4856,"HN",4,63,11,"SC0266",57
4857,"HN",4,63,12,"PI534162",69
4858,"HN",4,63,13,"PI629059",65
4859,"HN",4,63,14,"PI656013",64
4860,"HN",4,63,15,"PI533801",75
4861,"HN",4,63,16,"PI534059",61
4862,"HN",4,63,17,"PI533981",62
4863,"HN",4,63,18,"PI564163",62
4864,"HN",4,63,19,"PI576411",68
4865,"HN",4,63,20,"PI533962",65
4866,"HN",4,63,21,"PI533907",77
4867,"HN",4,63,22,"SC0156",69
4868,"HN",4,63,23,"PI534037",64
4869,"HN",4,64,10,"PI534106",64
4870,"HN",4,64,11,"PI597957",66
4871,"HN",4,64,12,"PI655979",64
4872,"HN",4,64,13,"PI534044",64
4873,"HN",4,64,14,"PI534140",63
4874,"HN",4,64,15,"PI656119",61
4875,"HN",4,64,16,"PI533865",66
4876,"HN",4,64,17,"PI533803",52
4877,"HN",4,64,18,"PI656118",68
4878,"HN",4,64,19,"SC0521",62
4879,"HN",4,64,20,"PI533762",60
4880,"HN",4,64,21,"PI534038",69
4881,"HN",4,64,22,"PI564163",64
4882,"HN",4,64,23,"SC0179",65
4883,"HN",4,65,10,"PI576329",66
4884,"HN",4,65,11,"PI595702",62
4885,"HN",4,65,12,"PI656113",71
4886,"HN",4,65,13,"SC0445",73
4887,"HN",4,65,14,"PI534103",60
4888,"HN",4,65,15,"PI597943",75
4889,"HN",4,65,16,"PI534049",66
4890,"HN",4,65,17,"PI533978",58
4891,"HN",4,65,18,"PI576346",58
4892,"HN",4,65,19,"PI576423",69
4893,"HN",4,65,20,"PI576344",66
4894,"HN",4,65,21,"SC0631",64
4895,"HN",4,65,22,"SC0550",62
4896,"HN",4,65,23,"SC0150",64
4897,"HN",4,66,10,"PI576336",59
4898,"HN",4,66,11,"PI564163",64
4899,"HN",4,66,12,"PI534003",78
4900,"HN",4,66,13,"PI597976",62
4901,"HN",4,66,14,"SC1178",59
4902,"HN",4,66,15,"PI656043",61
4903,"HN",4,66,16,"PI534088",66
4904,"HN",4,66,17,"PI564163",62
4905,"HN",4,66,18,"PI576396",68
4906,"HN",4,66,19,"PI533752",66
4907,"HN",4,66,20,"PI656044",69
4908,"HN",4,66,21,"PI533817",66
4909,"HN",4,66,22,"SC0870",76
4910,"HN",4,66,23,"SC1082",53
4911,"HN",4,67,10,"SC0412",63
4912,"HN",4,67,11,"SC0371",66
4913,"HN",4,67,12,"SC0178",71
4914,"HN",4,67,13,"PI595699",76
4915,"HN",4,67,14,"PI656056",71
4916,"HN",4,67,15,"PI533901",68
4917,"HN",4,67,16,"PI564163",64
4918,"HN",4,67,17,"PI595741",66
4919,"HN",4,67,18,"PI533829",68
4920,"HN",4,67,19,"PI656085",58
4921,"HN",4,67,20,"SC0547",61
4922,"HN",4,67,21,"PI533768",60
4923,"HN",4,67,22,"SC0297",57
4924,"HN",4,67,23,"PI533871",64
4925,"HN",4,68,10,"PI533770",61
4926,"HN",4,68,11,"PI533922",75
4927,"HN",4,68,12,"SC0027",75
4928,"HN",4,68,13,"PI533929",66
4929,"HN",4,68,14,"PI576403",71
4930,"HN",4,68,15,"PI655981",66
4931,"HN",4,68,16,"SC0249",64
4932,"HN",4,68,17,"PI629034",66
4933,"HN",4,68,18,"PI656051",76
4934,"HN",4,68,19,"PI564163",64
4935,"HN",4,68,20,"PI656008",68
4936,"HN",4,68,21,"SC0438",66
4937,"HN",4,68,22,"PI534057",64
4938,"HN",4,68,23,"PI533759",63
4939,"HN",4,69,10,"PI533968",60
4940,"HN",4,69,11,"PI533961",62
4941,"HN",4,69,12,"PI597950",63
4942,"HN",4,69,13,"PI656063",66
4943,"HN",4,69,14,"PI534014",77
4944,"HN",4,69,15,"PI534164",63
4945,"HN",4,69,16,"PI534096",69
4946,"HN",4,69,17,"PI595723",60
4947,"HN",4,69,18,"PI597968",62
4948,"HN",4,69,19,"BTx3197",65
4949,"HN",4,69,20,"PI655997",66
4950,"HN",4,69,21,"PI576407",75
4951,"HN",4,69,22,"PI533889",62
4952,"HN",4,69,23,"PI656002",69
4953,"HN",4,70,10,"PI576355",62
4954,"HN",4,70,11,"BTx399",66
4955,"HN",4,70,12,"PI564163",62
4956,"HN",4,70,13,"PI533766",64
4957,"HN",4,70,14,"PI533823",64
4958,"HN",4,70,15,"PI534148",68
4959,"HN",4,70,16,"SC0551",62
4960,"HN",4,70,17,"PI656109",60
4961,"HN",4,70,18,"PI656061",76
4962,"HN",4,70,19,"PI534144",77
4963,"HN",4,70,20,"PI534021",88
4964,"HN",4,70,21,"PI533947",76
4965,"HN",4,70,22,"PI533988",62
4966,"HN",4,70,23,"PI533903",68
5001,"HN",5,2,24,"SC0895",66
5002,"HN",5,2,25,"PI576416",56
5003,"HN",5,2,26,"PI564163",64
5004,"HN",5,2,27,"SC1024",70
5005,"HN",5,2,28,"PI656062",75
5006,"HN",5,2,29,"PI533856",85
5007,"HN",5,2,30,"PI576395",61
5008,"HN",5,2,31,"PI655986",71
5009,"HN",5,2,32,"PI595716",59
5010,"HN",5,2,33,"PI533766",63
5011,"HN",5,2,34,"PI561472",75
5012,"HN",5,2,35,"PI533824",78
5013,"HN",5,2,36,"PI533769",57
5014,"HN",5,2,37,"PI656008",70
5015,"HN",5,3,24,"PI533958",78
5016,"HN",5,3,25,"PI534060",63
5017,"HN",5,3,26,"PI597944",66
5018,"HN",5,3,27,"PI534140",63
5019,"HN",5,3,28,"RTAM2566",64
5020,"HN",5,3,29,"PI17548",62
5021,"HN",5,3,30,"SC1446",61
5022,"HN",5,3,31,"PI534010",79
5023,"HN",5,3,32,"PI564163",66
5024,"HN",5,3,33,"PI576332",56
5025,"HN",5,3,34,"SC0409",62
5026,"HN",5,3,35,"PI642992",69
5027,"HN",5,3,36,"PI656096",63
5028,"HN",5,3,37,"SC0713",59
5029,"HN",5,4,24,"PI655974",68
5030,"HN",5,4,25,"PI533781",61
5031,"HN",5,4,26,"SC0615",62
5032,"HN",5,4,27,"SC0858",68
5033,"HN",5,4,28,"PI595737",64
5034,"HN",5,4,29,"PI533779",57
5035,"HN",5,4,30,"PI576376",66
5037,"HN",5,4,32,"PI533759",65
5038,"HN",5,4,33,"PI533882",75
5039,"HN",5,4,34,"SC0893",68
5040,"HN",5,4,35,"PI576400",64
5041,"HN",5,4,36,"PI533822",69
5042,"HN",5,4,37,"PI595742",68
5043,"HN",5,5,24,"PI533994",68
5044,"HN",5,5,25,"SC0550",61
5045,"HN",5,5,26,"PI609456",53
5046,"HN",5,5,27,"PI533819",59
5047,"HN",5,5,28,"PI534072",62
5048,"HN",5,5,29,"PI655998",62
5049,"HN",5,5,30,"PI564163",63
5051,"HN",5,5,32,"PI656059",74
5052,"HN",5,5,33,"PI534155",76
5053,"HN",5,5,34,"PI656085",58
5054,"HN",5,5,35,"PI659693",49
5055,"HN",5,5,36,"PI656044",73
5056,"HN",5,5,37,"PI613536",69
5057,"HN",5,6,24,"PI576337",63
5058,"HN",5,6,25,"PI534068",68
5059,"HN",5,6,26,"PI533865",67
5060,"HN",5,6,27,"PI597943",76
5061,"HN",5,6,28,"PI534027",78
5062,"HN",5,6,29,"PI534087",90
5063,"HN",5,6,30,"PI533758",67
5064,"HN",5,6,31,"PI534166",56
5065,"HN",5,6,32,"PI655994",66
5066,"HN",5,6,33,"PI656115",71
5067,"HN",5,6,34,"PI561071",76
5068,"HN",5,6,35,"PI533966",67
5069,"HN",5,6,36,"PI533990",60
5070,"HN",5,6,37,"PI576419",56
5071,"HN",5,7,24,"PI533755",78
5072,"HN",5,7,25,"PI534034",70
5073,"HN",5,7,26,"PI534109",67
5074,"HN",5,7,27,"PI533943",73
5075,"HN",5,7,28,"PI533926",63
5076,"HN",5,7,29,"PI534105",68
5077,"HN",5,7,30,"PI534161",88
5079,"HN",5,7,32,"PI576362",84
5080,"HN",5,7,33,"PI533805",66
5083,"HN",5,7,36,"PI533754",64
5084,"HN",5,7,37,"PI534046",62
5085,"HN",5,8,24,"PI533790",51
5086,"HN",5,8,25,"PI534023",68
5088,"HN",5,8,27,"PI576426",73
5089,"HN",5,8,28,"PI576344",69
5090,"HN",5,8,29,"PI564163",66
5091,"HN",5,8,30,"PI542718",64
5092,"HN",5,8,31,"PI595732",71
5093,"HN",5,8,32,"PI533849",65
5094,"HN",5,8,33,"PI656049",76
5095,"HN",5,8,34,"BTx3197",66
5096,"HN",5,8,35,"SC0287",52
5097,"HN",5,8,36,"PI595727",63
5098,"HN",5,8,37,"PI533847",63
5099,"HN",5,9,24,"PI533869",70
5101,"HN",5,9,26,"PI564163",67
5102,"HN",5,9,27,"PI533750",67
5103,"HN",5,9,28,"PI595743",76
5104,"HN",5,9,29,"PI534022",84
5105,"HN",5,9,30,"PI564163",66
5106,"HN",5,9,31,"SC1216",76
5107,"HN",5,9,32,"PI655971",61
5108,"HN",5,9,33,"PI595738",69
5109,"HN",5,9,34,"PI576423",75
5110,"HN",5,9,35,"PI656055",66
5111,"HN",5,9,36,"PI564163",66
5112,"HN",5,9,37,"PI533873",61
5113,"HN",5,10,24,"PI542406",78
5114,"HN",5,10,25,"PI533794",68
5116,"HN",5,10,27,"PI576407",76
5117,"HN",5,10,28,"PI260213",66
5118,"HN",5,10,29,"PI576424",80
5119,"HN",5,10,30,"PI533925",84
5120,"HN",5,10,31,"PI534096",78
5121,"HN",5,10,32,"PI595705",64
5122,"HN",5,10,33,"PI534125",76
5123,"HN",5,10,34,"PI533804",51
5124,"HN",5,10,35,"PI533941",62
5125,"HN",5,10,36,"PI48770",73
5126,"HN",5,10,37,"Day",62
5127,"HN",5,11,24,"PI656011",73
5128,"HN",5,11,25,"PI534019",69
5129,"HN",5,11,26,"PI576367",68
5130,"HN",5,11,27,"PI534035",87
5131,"HN",5,11,28,"PI534101",67
5132,"HN",5,11,29,"BTx645",73
5133,"HN",5,11,30,"PI533904",69
5134,"HN",5,11,31,"PI576339",62
5135,"HN",5,11,32,"PI534014",82
5136,"HN",5,11,33,"PI656075",76
5137,"HN",5,11,34,"PI533878",71
5139,"HN",5,11,36,"PI595736",62
5140,"HN",5,11,37,"PI534131",73
5141,"HN",5,12,24,"PI576421",63
5142,"HN",5,12,25,"PI655977",65
5143,"HN",5,12,26,"PI534055",66
5144,"HN",5,12,27,"PI533982",68
5145,"HN",5,12,28,"PI533863",71
5146,"HN",5,12,29,"PI534052",70
5147,"HN",5,12,30,"PI656020",66
5148,"HN",5,12,31,"PI534000",68
5149,"HN",5,12,32,"SC0582",80
5150,"HN",5,12,33,"PI533767",63
5151,"HN",5,12,34,"PI597958",66
5152,"HN",5,12,35,"PI534083",67
5153,"HN",5,12,36,"PI656063",67
5154,"HN",5,12,37,"PI595702",64
5155,"HN",5,13,24,"PI576385",58
5156,"HN",5,13,25,"SC0777",68
5157,"HN",5,13,26,"PI656072",80
5158,"HN",5,13,27,"PI534008",68
5159,"HN",5,13,28,"PI595729",61
5160,"HN",5,13,29,"PI533796",61
5161,"HN",5,13,30,"PI533874",64
5162,"HN",5,13,31,"PI534122",76
5163,"HN",5,13,32,"PI656016",67
5164,"HN",5,13,33,"PI597949",78
5165,"HN",5,13,34,"BTx378",69
5166,"HN",5,13,35,"PI656103",62
5167,"HN",5,13,36,"PI597946",61
5168,"HN",5,13,37,"PI533784",60
5169,"HN",5,14,24,"PI533810",77
5170,"HN",5,14,25,"PI533880",63
5171,"HN",5,14,26,"PI533921",67
5172,"HN",5,14,27,"PI533818",63
5173,"HN",5,14,28,"SC0834",71
5174,"HN",5,14,29,"PI656091",80
5175,"HN",5,14,30,"SC0092",76
5176,"HN",5,14,31,"SC0027",75
5177,"HN",5,14,32,"PI576373",69
5178,"HN",5,14,33,"PI533987",59
5179,"HN",5,14,34,"PI656012",80
5180,"HN",5,14,35,"SC1114",58
5181,"HN",5,14,36,"PI595744",64
5182,"HN",5,14,37,"PI656060",64
5183,"HN",5,15,24,"PI576411",77
5184,"HN",5,15,25,"PI656111",75
5185,"HN",5,15,26,"PI656097",84
5186,"HN",5,15,27,"PI576427",60
5187,"HN",5,15,28,"SC0371",69
5188,"HN",5,15,29,"PI576408",65
5189,"HN",5,15,30,"PI576431",63
5190,"HN",5,15,31,"PI533965",68
5191,"HN",5,15,32,"PI576406",73
5192,"HN",5,15,33,"PI533907",80
5193,"HN",5,15,34,"PI533980",73
5194,"HN",5,15,35,"PI533795",66
5195,"HN",5,15,36,"PI564163",63
5196,"HN",5,15,37,"PI564163",64
5197,"HN",5,16,24,"PI595734",65
5198,"HN",5,16,25,"PI534117",64
5199,"HN",5,16,26,"PI564163",65
5200,"HN",5,16,27,"PI564163",66
5201,"HN",5,16,28,"PI564164",75
5202,"HN",5,16,29,"PI655995",78
5203,"HN",5,16,30,"PI595740",73
5204,"HN",5,16,31,"PI597977",51
5205,"HN",5,16,32,"SC0823",66
5206,"HN",5,16,33,"SC0041",62
5207,"HN",5,16,34,"PI576330",70
5208,"HN",5,16,35,"PI576334",52
5209,"HN",5,16,36,"PI533915",62
5210,"HN",5,16,37,"PI533901",69
5211,"HN",5,17,24,"PI656030",64
5212,"HN",5,17,25,"SC0753",64
5213,"HN",5,17,26,"PI576383",58
5214,"HN",5,17,27,"SC0870",77
5215,"HN",5,17,28,"PI533897",62
5216,"HN",5,17,29,"PI534021",87
5217,"HN",5,17,30,"SC0458",78
5218,"HN",5,17,31,"PI576398",73
5219,"HN",5,17,32,"PI576341",60
5220,"HN",5,17,33,"PI534040",64
5221,"HN",5,17,34,"PI533830",63
5222,"HN",5,17,35,"SC1120",68
5223,"HN",5,17,36,"PI656009",76
5224,"HN",5,17,37,"PI576372",70
5225,"HN",5,18,24,"SC0190",51
5226,"HN",5,18,25,"PI533861",75
5227,"HN",5,18,26,"SC0157",64
5228,"HN",5,18,27,"PI656039",69
5229,"HN",5,18,28,"PI656021",62
5230,"HN",5,18,29,"PI533973",64
5231,"HN",5,18,30,"PI533933",70
5232,"HN",5,18,31,"PI656077",61
5233,"HN",5,18,32,"PI533896",59
5234,"HN",5,18,33,"PI533801",80
5235,"HN",5,18,34,"PI533797",80
5236,"HN",5,18,35,"PI656107",75
5237,"HN",5,18,36,"PI24969",76
5238,"HN",5,18,37,"SC0438",64
5239,"HN",5,19,24,"PI534004",70
5240,"HN",5,19,25,"PI576369",68
5241,"HN",5,19,26,"PI656119",66
5242,"HN",5,19,27,"PI656074",66
5243,"HN",5,19,28,"PI533888",71
5244,"HN",5,19,29,"PI597954",63
5245,"HN",5,19,30,"PI564163",66
5247,"HN",5,19,32,"PI595747",62
5248,"HN",5,19,33,"PI534113",73
5249,"HN",5,19,34,"PI655972",73
5250,"HN",5,19,35,"PI533802",62
5251,"HN",5,19,36,"PI533938",60
5252,"HN",5,19,37,"PI597945",63
5253,"HN",5,20,24,"PI564163",64
5254,"HN",5,20,25,"PI533859",80
5255,"HN",5,20,26,"PI533886",72
5256,"HN",5,20,27,"PI564163",65
5257,"HN",5,20,28,"PI576409",62
5258,"HN",5,20,29,"PI533927",76
5259,"HN",5,20,30,"SC1178",61
5260,"HN",5,20,31,"PI533905",77
5261,"HN",5,20,32,"PI576345",71
5263,"HN",5,20,34,"RTX2737",64
5264,"HN",5,20,35,"PI533912",51
5265,"HN",5,20,36,"PI533777",62
5266,"HN",5,20,37,"PI533978",58
5268,"HN",5,21,25,"PI656079",57
5269,"HN",5,21,26,"PI534074",80
5270,"HN",5,21,27,"SanChiSan",61
5271,"HN",5,21,28,"PI533771",61
5272,"HN",5,21,29,"PI533799",68
5273,"HN",5,21,30,"PI576402",78
5274,"HN",5,21,31,"SC0179",67
5275,"HN",5,21,32,"PI534033",75
5276,"HN",5,21,33,"PI576374",78
5277,"HN",5,21,34,"PI533917",62
5278,"HN",5,21,35,"PI533855",71
5279,"HN",5,21,36,"PI533761",75
5280,"HN",5,21,37,"PI533953",64
5281,"HN",5,22,24,"PI533894",61
5283,"HN",5,22,26,"PI534048",79
5284,"HN",5,22,27,"PI576404",57
5285,"HN",5,22,28,"SC0878",67
5286,"HN",5,22,29,"PI533749",69
5287,"HN",5,22,30,"PI642793",67
5288,"HN",5,22,31,"SC0191",66
5289,"HN",5,22,32,"PI629034",67
5290,"HN",5,22,33,"PI659695",67
5291,"HN",5,22,34,"PI533948",68
5292,"HN",5,22,35,"SC0847",64
5293,"HN",5,22,36,"Segaolane",67
5294,"HN",5,22,37,"PI534126",67
5295,"HN",5,23,24,"PI533815",62
5296,"HN",5,23,25,"PI533924",63
5297,"HN",5,23,26,"PI641874",71
5298,"HN",5,23,27,"PI576340",71
5299,"HN",5,23,28,"PI533834",73
5300,"HN",5,23,29,"PI656105",64
5301,"HN",5,23,30,"SC0547",62
5302,"HN",5,23,31,"PI534116",66
5303,"HN",5,23,32,"PI564163",64
5305,"HN",5,23,34,"PI574455",76
5306,"HN",5,23,35,"PI533899",62
5307,"HN",5,23,36,"PI534080",62
5308,"HN",5,23,37,"PI597967",68
5309,"HN",5,24,24,"PI595718",59
5310,"HN",5,24,25,"PI533947",73
5311,"HN",5,24,26,"PI656080",62
5312,"HN",5,24,27,"PI576361",67
5313,"HN",5,24,28,"PI533923",61
5314,"HN",5,24,29,"PI533839",71
5315,"HN",5,24,30,"PI534143",67
5316,"HN",5,24,31,"PI533846",67
5317,"HN",5,24,32,"SC0923",74
5318,"HN",5,24,33,"PI534090",62
5319,"HN",5,24,34,"PI533787",61
5320,"HN",5,24,35,"PI656069",82
5321,"HN",5,24,36,"PI533857",78
5322,"HN",5,24,37,"PI656014",76
5323,"HN",5,25,24,"PI533930",69
5324,"HN",5,25,25,"PI329440",68
5325,"HN",5,25,26,"PI576430",62
5326,"HN",5,25,27,"PI533960",62
5327,"HN",5,25,28,"PI533817",64
5328,"HN",5,25,29,"PI576379",71
5329,"HN",5,25,30,"PI276837",87
5330,"HN",5,25,31,"PI656001",75
5331,"HN",5,25,32,"PI656015",76
5332,"HN",5,25,33,"SC0150",69
5333,"HN",5,25,34,"SC1442",63
5334,"HN",5,25,35,"PI564163",66
5335,"HN",5,25,36,"PI534091",60
5336,"HN",5,25,37,"PI533976",64
5337,"HN",5,26,24,"PI564163",65
5338,"HN",5,26,25,"PI659696",66
5339,"HN",5,26,26,"PI533997",63
5340,"HN",5,26,27,"PI576389",66
5341,"HN",5,26,28,"PI533811",64
5342,"HN",5,26,29,"PI564163",67
5343,"HN",5,26,30,"PI656035",64
5345,"HN",5,26,32,"PI533928",71
5346,"HN",5,26,33,"PI534111",66
5347,"HN",5,26,34,"PI533934",75
5348,"HN",5,26,35,"PI533983",76
5349,"HN",5,26,36,"PI533854",78
5350,"HN",5,26,37,"SC0685",59
5351,"HN",5,27,24,"SC0156",73
5352,"HN",5,27,25,"PI597953",59
5353,"HN",5,27,26,"PI656025",75
5354,"HN",5,27,27,"Comb7078",62
5355,"HN",5,27,28,"PI533872",63
5356,"HN",5,27,29,"FeteritaGishesh",53
5357,"HN",5,27,30,"PI534142",62
5358,"HN",5,27,31,"SC0235",76
5359,"HN",5,27,32,"PI533937",64
5360,"HN",5,27,33,"SC1021",69
5361,"HN",5,27,34,"PI533898",62
5362,"HN",5,27,35,"PI656013",67
5363,"HN",5,27,36,"PI595717",72
5364,"HN",5,27,37,"PI595722",68
5365,"HN",5,28,24,"PI534153",58
5366,"HN",5,28,25,"PI595709",64
5367,"HN",5,28,26,"PI534031",78
5368,"HN",5,28,27,"PI533979",60
5369,"HN",5,28,28,"PI533995",61
5371,"HN",5,28,30,"PI533867",62
5372,"HN",5,28,31,"PI534159",76
5373,"HN",5,28,32,"PI534098",64
5374,"HN",5,28,33,"PI533788",68
5375,"HN",5,28,34,"PI534086",69
5376,"HN",5,28,35,"PI576413",64
5377,"HN",5,28,36,"PI576365",71
5378,"HN",5,28,37,"PI534009",84
5379,"HN",5,29,24,"PI533832",60
5380,"HN",5,29,25,"PI533949",57
5381,"HN",5,29,26,"PI655979",66
5382,"HN",5,29,27,"PI534036",76
5383,"HN",5,29,28,"PI656003",71
5384,"HN",5,29,29,"PI533752",66
5385,"HN",5,29,30,"PI533858",78
5386,"HN",5,29,31,"PI656084",66
5387,"HN",5,29,32,"PI576401",79
5388,"HN",5,29,33,"PI597959",57
5389,"HN",5,29,34,"SC0871",76
5390,"HN",5,29,35,"PI534078",58
5391,"HN",5,29,36,"SC0479",83
5392,"HN",5,29,37,"SC0602",66
5393,"HN",5,30,24,"PI534157",71
5394,"HN",5,30,25,"PI533891",63
5395,"HN",5,30,26,"PI533757",69
5396,"HN",5,30,27,"PI533820",70
5397,"HN",5,30,28,"PI533959",69
5398,"HN",5,30,29,"PI533753",65
5399,"HN",5,30,30,"PI534112",67
5400,"HN",5,30,31,"PI533764",66
5401,"HN",5,30,32,"PI564163",64
5402,"HN",5,30,33,"PI597974",57
5403,"HN",5,30,34,"PI564163",64
5404,"HN",5,30,35,"PI534028",76
5405,"HN",5,30,36,"PI533844",80
5406,"HN",5,30,37,"PI656081",57
5407,"HN",5,31,24,"PI534079",65
5408,"HN",5,31,25,"SC0266",59
5410,"HN",5,31,27,"PI534154",76
5411,"HN",5,31,28,"PI533783",60
5412,"HN",5,31,29,"PI595726",67
5413,"HN",5,31,30,"PI656002",67
5414,"HN",5,31,31,"PI656040",73
5415,"HN",5,31,32,"PI533850",68
5416,"HN",5,31,33,"PI597963",64
5417,"HN",5,31,34,"PI533877",62
5418,"HN",5,31,35,"PI655992",65
5419,"HN",5,31,36,"PI564163",65
5420,"HN",5,31,37,"PI534102",64
5421,"HN",5,32,24,"PI534167",68
5422,"HN",5,32,25,"PI656095",62
5424,"HN",5,32,27,"PI533746",59
5425,"HN",5,32,28,"PI576354",73
5426,"HN",5,32,29,"Tx430",66
5427,"HN",5,32,30,"PI533862",56
5428,"HN",5,32,31,"PI576425",66
5429,"HN",5,32,32,"PI656006",74
5430,"HN",5,32,33,"PI595720",62
5431,"HN",5,32,34,"PI534149",65
5432,"HN",5,32,35,"PI533998",76
5433,"HN",5,32,36,"PI534104",65
5434,"HN",5,32,37,"PI534030",70
5435,"HN",5,33,24,"PI534042",59
5436,"HN",5,33,25,"PI651496",84
5437,"HN",5,33,26,"PI533977",66
5438,"HN",5,33,27,"SC0965",53
5439,"HN",5,33,28,"SC0877",73
5440,"HN",5,33,29,"PI564163",63
5441,"HN",5,33,30,"PI153844",67
5442,"HN",5,33,31,"PI595719",81
5443,"HN",5,33,32,"PI576433",73
5444,"HN",5,33,33,"SC0505",76
5445,"HN",5,33,34,"PI534137",76
5446,"HN",5,33,35,"PI656022",64
5447,"HN",5,33,36,"SC0263",65
5448,"HN",5,33,37,"PI533991",66
5449,"HN",5,34,24,"PI655993",66
5450,"HN",5,34,25,"PI656112",65
5451,"HN",5,34,26,"SC0636",78
5452,"HN",5,34,27,"PI534076",65
5453,"HN",5,34,28,"PI576342",59
5454,"HN",5,34,29,"PI597961",64
5455,"HN",5,34,30,"PI656004",71
5456,"HN",5,34,31,"PI655981",69
5457,"HN",5,34,32,"SC0314",66
5458,"HN",5,34,33,"PI533778",60
5459,"HN",5,34,34,"PI656113",75
5460,"HN",5,34,35,"PI533957",64
5461,"HN",5,34,36,"PI533828",64
5462,"HN",5,34,37,"PI595721",64
5463,"HN",5,35,24,"PI576437",64
5464,"HN",5,35,25,"PI656117",73
5465,"HN",5,35,26,"PI656019",60
5466,"HN",5,35,27,"PI533800",69
5467,"HN",5,35,28,"PI533932",77
5468,"HN",5,35,29,"SC0445",76
5469,"HN",5,35,30,"PI656017",90
5470,"HN",5,35,31,"PI533946",77
5471,"HN",5,35,32,"SC0860",68
5472,"HN",5,35,33,"PI534024",81
5473,"HN",5,35,34,"PI656057",76
5474,"HN",5,35,35,"PI656094",64
5475,"HN",5,35,36,"PI595731",74
5476,"HN",5,35,37,"PI656031",64
5477,"HN",5,36,24,"PI564163",66
5478,"HN",5,36,25,"PI534151",71
5479,"HN",5,36,26,"SC0236",70
5480,"HN",5,36,27,"PI533809",64
5481,"HN",5,36,28,"PI533996",66
5482,"HN",5,36,29,"PI561072",73
5483,"HN",5,36,30,"PI533918",64
5484,"HN",5,36,31,"PI533762",62
5485,"HN",5,36,32,"PI564163",66
5486,"HN",5,36,33,"PI595725",64
5487,"HN",5,36,34,"PI576417",68
5488,"HN",5,36,35,"PI597964",76
5489,"HN",5,36,36,"PI534005",67
5490,"HN",5,36,37,"RTx2783",73
5491,"HN",5,37,24,"PI533842",82
5492,"HN",5,37,25,"PI534015",71
5493,"HN",5,37,26,"PI534073",58
5494,"HN",5,37,27,"PI533760",66
5495,"HN",5,37,28,"PI564163",66
5496,"HN",5,37,29,"PI597950",65
5497,"HN",5,37,30,"PI534085",61
5498,"HN",5,37,31,"PI534064",58
5499,"HN",5,37,32,"PI576377",76
5500,"HN",5,37,33,"PI656052",62
5501,"HN",5,37,34,"PI534097",65
5502,"HN",5,37,35,"PI564163",66
5503,"HN",5,37,36,"PI576363",64
5504,"HN",5,37,37,"SC1023",71
5505,"HN",5,38,24,"PI656018",71
5506,"HN",5,38,25,"PI533989",67
5507,"HN",5,38,26,"SC0448",80
5508,"HN",5,38,27,"PI534054",74
5509,"HN",5,38,28,"PI564163",68
5510,"HN",5,38,29,"PI533823",68
5511,"HN",5,38,30,"PI576329",66
5512,"HN",5,38,31,"PI533803",52
5513,"HN",5,38,32,"PI564163",66
5514,"HN",5,38,33,"PI576403",78
5515,"HN",5,38,34,"PI533808",62
5516,"HN",5,38,35,"PI534094",69
5517,"HN",5,38,36,"PI533745",67
5518,"HN",5,38,37,"PI576393",59
5519,"HN",5,39,24,"PI642791",69
5520,"HN",5,39,25,"PI533814",78
5521,"HN",5,39,26,"PI659753",89
5522,"HN",5,39,27,"PI576436",69
5523,"HN",5,39,28,"PI656073",80
5524,"HN",5,39,29,"SC0581",84
5525,"HN",5,39,30,"PI534100",75
5526,"HN",5,39,31,"PI533999",66
5527,"HN",5,39,32,"PI534038",68
5528,"HN",5,39,33,"SC1107",64
5529,"HN",5,39,34,"PI533975",64
5530,"HN",5,39,35,"PI595712",58
5531,"HN",5,39,36,"SC0470",75
5532,"HN",5,39,37,"PI576358",71
5533,"HN",5,40,24,"PI534118",76
5534,"HN",5,40,25,"PI534062",76
5535,"HN",5,40,26,"PI576371",64
5536,"HN",5,40,27,"PI576435",68
5537,"HN",5,40,28,"PI533887",60
5538,"HN",5,40,29,"SC0556",66
5539,"HN",5,40,30,"PI595706",67
5540,"HN",5,40,31,"PI597956",66
5541,"HN",5,40,32,"PI533840",60
5542,"HN",5,40,33,"PI597973",70
5543,"HN",5,40,34,"PI655987",64
5544,"HN",5,40,35,"PI533914",63
5545,"HN",5,40,36,"PI533884",64
5546,"HN",5,40,37,"PI576378",68
5547,"HN",5,41,24,"PI152651",57
5548,"HN",5,41,25,"PI534130",71
5549,"HN",5,41,26,"PI576410",68
5550,"HN",5,41,27,"PI597975",59
5551,"HN",5,41,28,"PI533879",67
5552,"HN",5,41,29,"PI656061",80
5553,"HN",5,41,30,"PI533838",60
5554,"HN",5,41,31,"PI656089",64
5555,"HN",5,41,32,"PI534070",61
5556,"HN",5,41,33,"PI533866",62
5557,"HN",5,41,34,"PI595715",61
5558,"HN",5,41,35,"PI533910",64
5559,"HN",5,41,36,"SC0138",62
5560,"HN",5,41,37,"PI576333",68
5561,"HN",5,42,24,"PI595711",76
5562,"HN",5,42,25,"PI534107",66
5563,"HN",5,42,26,"PI533835",71
5564,"HN",5,42,27,"PI564163",67
5565,"HN",5,42,28,"SC0297",62
5566,"HN",5,42,29,"PI534081",65
5567,"HN",5,42,30,"PI642998",69
5568,"HN",5,42,31,"PI656088",71
5569,"HN",5,42,32,"PI533944",69
5570,"HN",5,42,33,"SC0178",73
5571,"HN",5,42,34,"PI533985",66
5572,"HN",5,42,35,"SC0400",55
5573,"HN",5,42,36,"SC1082",52
5574,"HN",5,42,37,"PI533883",50
5575,"HN",5,43,24,"PI576375",69
5576,"HN",5,43,25,"PI656102",68
5577,"HN",5,43,26,"PI552861",66
5578,"HN",5,43,27,"PI153852",68
5579,"HN",5,43,28,"PI534162",71
5580,"HN",5,43,29,"PI576392",64
5581,"HN",5,43,30,"PI534082",63
5582,"HN",5,43,31,"PI597957",68
5583,"HN",5,43,32,"PI533988",61
5584,"HN",5,43,33,"SC1193",75
5585,"HN",5,43,34,"SC0837",76
5586,"HN",5,43,35,"PI533916",62
5587,"HN",5,43,36,"PI595735",66
5588,"HN",5,43,37,"PI533920",69
5589,"HN",5,44,24,"PI533747",61
5590,"HN",5,44,25,"PI576394",67
5591,"HN",5,44,26,"PI656034",75
5592,"HN",5,44,27,"PI576366",63
5593,"HN",5,44,28,"PI564163",67
5594,"HN",5,44,29,"PI576359",77
5595,"HN",5,44,30,"PI533889",65
5596,"HN",5,44,31,"PI534089",71
5597,"HN",5,44,32,"PI533970",68
5598,"HN",5,44,33,"SC0521",63
5599,"HN",5,44,34,"PI533986",64
5600,"HN",5,44,35,"PI597980",60
5601,"HN",5,44,36,"PI533851",76
5602,"HN",5,44,37,"PI534058",61
5603,"HN",5,45,24,"PI34911",73
5604,"HN",5,45,25,"PI548797",69
5605,"HN",5,45,26,"PI597951",68
5606,"HN",5,45,27,"PI533902",76
5607,"HN",5,45,28,"PI656048",76
5608,"HN",5,45,29,"PI576328",65
5609,"HN",5,45,30,"PI533836",67
5610,"HN",5,45,31,"PI534136",76
5611,"HN",5,45,32,"PI534158",68
5612,"HN",5,45,33,"PI564163",67
5613,"HN",5,45,34,"PI533981",64
5614,"HN",5,45,35,"PI564163",66
5615,"HN",5,45,36,"PI576343",65
5616,"HN",5,45,37,"PI533843",69
5617,"HN",5,46,24,"PI533786",69
5618,"HN",5,46,25,"PI595714",62
5619,"HN",5,46,26,"PI576386",76
5620,"HN",5,46,27,"PI534011",81
5621,"HN",5,46,28,"PI656023",68
5622,"HN",5,46,29,"PI533852",75
5623,"HN",5,46,30,"PI534084",59
5624,"HN",5,46,31,"PI576338",68
5625,"HN",5,46,32,"PI534103",66
5626,"HN",5,46,33,"PI564163",66
5627,"HN",5,46,34,"SC0003",62
5628,"HN",5,46,35,"PI576432",56
5629,"HN",5,46,36,"PI533776",64
5630,"HN",5,46,37,"PI656092",80
5631,"HN",5,47,24,"PI533900",62
5632,"HN",5,47,25,"PI576382",60
5633,"HN",5,47,26,"PI595700",78
5634,"HN",5,47,27,"PI534088",70
5635,"HN",5,47,28,"PI534139",68
5636,"HN",5,47,29,"PI656090",69
5637,"HN",5,47,30,"PI564163",67
5638,"HN",5,47,31,"PI534007",71
5639,"HN",5,47,32,"PI656053",73
5640,"HN",5,47,33,"SC1133",61
5641,"HN",5,47,34,"SC0456",64
5642,"HN",5,47,35,"SC1119",65
5643,"HN",5,47,36,"PI595703",76
5644,"HN",5,47,37,"PI656056",73
5645,"HN",5,48,24,"PI656032",80
5646,"HN",5,48,25,"SC1170",61
5647,"HN",5,48,26,"PI533969",75
5648,"HN",5,48,27,"PI576336",62
5649,"HN",5,48,28,"SC0848",65
5650,"HN",5,48,29,"PI534128",76
5651,"HN",5,48,30,"PI534127",69
5652,"HN",5,48,31,"BTx399",68
5653,"HN",5,48,32,"PI597955",62
5654,"HN",5,48,33,"PI533919",67
5655,"HN",5,48,34,"PI576346",58
5656,"HN",5,48,35,"PI534026",70
5657,"HN",5,48,36,"SC0868",66
5658,"HN",5,48,37,"PI656093",69
5659,"HN",5,49,24,"BTx643",66
5660,"HN",5,49,25,"PI534163",71
5661,"HN",5,49,26,"PI576415",58
5662,"HN",5,49,27,"PI576356",66
5663,"HN",5,49,28,"PI576399",66
5664,"HN",5,49,29,"PI533833",68
5665,"HN",5,49,30,"SC0921",75
5666,"HN",5,49,31,"PI595704",76
5667,"HN",5,49,32,"PI561073",78
5668,"HN",5,49,33,"PI656087",59
5669,"HN",5,49,34,"PI533993",62
5670,"HN",5,49,35,"PI656046",68
5671,"HN",5,49,36,"PI576347",55
5672,"HN",5,49,37,"PI534133",76
5673,"HN",5,50,24,"PI533780",54
5674,"HN",5,50,25,"PI629059",68
5675,"HN",5,50,26,"PI534002",69
5676,"HN",5,50,27,"PI564163",67
5677,"HN",5,50,28,"PI597965",61
5678,"HN",5,50,29,"PI533782",52
5679,"HN",5,50,30,"PI534047",53
5680,"HN",5,50,31,"PI656051",77
5681,"HN",5,50,32,"PI597947",64
5682,"HN",5,50,33,"PI534150",76
5683,"HN",5,50,34,"PI595728",78
5684,"HN",5,50,35,"PI534025",85
5685,"HN",5,50,36,"SC0759",60
5686,"HN",5,50,37,"PI534152",66
5687,"HN",5,51,24,"PI656108",59
5688,"HN",5,51,25,"PI564163",66
5689,"HN",5,51,26,"PI534041",68
5690,"HN",5,51,27,"SC0343",64
5691,"HN",5,51,28,"PI597962",68
5692,"HN",5,51,29,"PI576357",63
5693,"HN",5,51,30,"PI533964",73
5694,"HN",5,51,31,"PI656101",56
5695,"HN",5,51,32,"PI597981",60
5696,"HN",5,51,33,"PI534001",78
5697,"HN",5,51,34,"PI601816",68
5698,"HN",5,51,35,"SC0914",68
5699,"HN",5,51,36,"PI595746",73
5700,"HN",5,51,37,"PI533816",62
5701,"HN",5,52,24,"PI576364",62
5702,"HN",5,52,25,"SC0864",64
5703,"HN",5,52,26,"PI22326",73
5704,"HN",5,52,27,"PI656027",75
5705,"HN",5,52,28,"PI595710",72
5706,"HN",5,52,29,"PI595699",76
5707,"HN",5,52,30,"PI534017",76
5708,"HN",5,52,31,"PI533955",68
5709,"HN",5,52,32,"PI533860",64
5710,"HN",5,52,33,"PI533845",70
5711,"HN",5,52,34,"PI533922",73
5712,"HN",5,52,35,"PI597968",62
5713,"HN",5,52,36,"PI534066",66
5714,"HN",5,52,37,"PI656110",65
5715,"HN",5,53,24,"PI533931",74
5716,"HN",5,53,25,"PI597952",62
5717,"HN",5,53,26,"PI595723",62
5718,"HN",5,53,27,"PI534051",73
5719,"HN",5,53,28,"PI659694",67
5720,"HN",5,53,29,"PI576349",66
5721,"HN",5,53,30,"PI533853",69
5722,"HN",5,53,31,"PI607931",73
5723,"HN",5,53,32,"PI533789",73
5724,"HN",5,53,33,"PI576331",86
5725,"HN",5,53,34,"PI533942",66
5726,"HN",5,53,35,"PI597976",61
5727,"HN",5,53,36,"PI656050",67
5728,"HN",5,53,37,"PI564163",69
5729,"HN",5,54,24,"PI533992",70
5731,"HN",5,54,26,"PI533950",62
5732,"HN",5,54,27,"PI534134",69
5733,"HN",5,54,28,"PI533785",69
5734,"HN",5,54,29,"PI534099",64
5735,"HN",5,54,30,"PI533793",73
5736,"HN",5,54,31,"PI655970",78
5737,"HN",5,54,32,"PI629040",82
5738,"HN",5,54,33,"PI656086",71
5739,"HN",5,54,34,"PI656116",61
5740,"HN",5,54,35,"PI576370",66
5741,"HN",5,54,36,"PI534147",66
5742,"HN",5,54,37,"PI641849",59
5743,"HN",5,55,24,"ShanQuiRed",62
5744,"HN",5,55,25,"PI656007",66
5745,"HN",5,55,26,"PI534069",66
5746,"HN",5,55,27,"PI533962",68
5747,"HN",5,55,28,"PI534071",62
5748,"HN",5,55,29,"SC0540",62
5749,"HN",5,55,30,"PI533956",67
5750,"HN",5,55,31,"PI656078",73
5751,"HN",5,55,32,"PI533893",71
5752,"HN",5,55,33,"PI659691",76
5753,"HN",5,55,34,"SC0652",60
5754,"HN",5,55,35,"PI564163",67
5755,"HN",5,55,36,"PI534049",67
5756,"HN",5,55,37,"PI576390",63
5757,"HN",5,56,24,"SC1097",73
5758,"HN",5,56,25,"PI576397",69
5759,"HN",5,56,26,"PI576130",76
5760,"HN",5,56,27,"PI576429",65
5761,"HN",5,56,28,"PI533772",59
5762,"HN",5,56,29,"PI576414",66
5763,"HN",5,56,30,"SC0159",75
5764,"HN",5,56,31,"PI564163",69
5765,"HN",5,56,32,"PI533765",69
5766,"HN",5,56,33,"PI656118",73
5767,"HN",5,56,34,"PI533848",66
5768,"HN",5,56,35,"PI576355",63
5769,"HN",5,56,36,"PI576380",73
5770,"HN",5,56,37,"SC0201",78
5772,"HN",5,57,25,"PI656070",68
5773,"HN",5,57,26,"PI534165",69
5774,"HN",5,57,27,"PI533974",68
5775,"HN",5,57,28,"PI533940",64
5776,"HN",5,57,29,"PI534065",64
5777,"HN",5,57,30,"PI656058",70
5778,"HN",5,57,31,"PI656076",67
5779,"HN",5,57,32,"RTx430",70
5780,"HN",5,57,33,"PI534146",67
5781,"HN",5,57,34,"PI533825",69
5782,"HN",5,57,35,"PI576418",78
5783,"HN",5,57,36,"PI534020",82
5784,"HN",5,57,37,"PI533913",66
5785,"HN",5,58,24,"PI564163",67
5786,"HN",5,58,25,"SC1058",68
5787,"HN",5,58,26,"PI533890",57
5788,"HN",5,58,27,"PI533864",51
5789,"HN",5,58,28,"PI533870",59
5790,"HN",5,58,29,"PI656106",70
5791,"HN",5,58,30,"PI656099",84
5792,"HN",5,58,31,"PI533821",66
5793,"HN",5,58,32,"PI576381",76
5794,"HN",5,58,33,"PI576352",73
5795,"HN",5,58,34,"SC0551",63
5796,"HN",5,58,35,"PI656037",76
5797,"HN",5,58,36,"PI656042",75
5798,"HN",5,58,37,"PI656036",74
5799,"HN",5,59,24,"PI533774",62
5800,"HN",5,59,25,"SC0276",62
5801,"HN",5,59,26,"PI597966",68
5802,"HN",5,59,27,"PI533903",69
5803,"HN",5,59,28,"PI656029",73
5804,"HN",5,59,29,"PI564163",64
5805,"HN",5,59,30,"SC0604",59
5806,"HN",5,59,31,"SC0542",62
5807,"HN",5,59,32,"PI564163",67
5808,"HN",5,59,33,"PI533812",78
5809,"HN",5,59,34,"PI576353",66
5810,"HN",5,59,35,"PI564165",80
5811,"HN",5,59,36,"PI533841",73
5812,"HN",5,59,37,"PI576422",72
5814,"HN",5,60,25,"ElMota",66
5815,"HN",5,60,26,"PI534039",60
5816,"HN",5,60,27,"PI564163",65
5817,"HN",5,60,28,"PI534119",64
5818,"HN",5,60,29,"PI597960",72
5819,"HN",5,60,30,"PI534114",69
5820,"HN",5,60,31,"RTx2917",69
5821,"HN",5,60,32,"PI533751",65
5822,"HN",5,60,33,"PI534095",64
5823,"HN",5,60,34,"PI597982",61
5824,"HN",5,60,35,"PI533967",78
5825,"HN",5,60,36,"PI656121",61
5826,"HN",5,60,37,"PI534050",65
5827,"HN",5,61,24,"PI533939",64
5828,"HN",5,61,25,"PI533906",75
5829,"HN",5,61,26,"PI655978",70
5830,"HN",5,61,27,"PI656104",62
5831,"HN",5,61,28,"PI534056",66
5832,"HN",5,61,29,"PI533963",64
5833,"HN",5,61,30,"PI534141",71
5834,"HN",5,61,31,"PI576396",67
5835,"HN",5,61,32,"PI533935",66
5836,"HN",5,61,33,"PI656000",65
5837,"HN",5,61,34,"PI656041",76
5838,"HN",5,61,35,"PI656114",75
5839,"HN",5,61,36,"PI576360",79
5840,"HN",5,61,37,"PI533911",66
5841,"HN",5,62,24,"PI597970",61
5842,"HN",5,62,25,"PI564163",66
5843,"HN",5,62,26,"PI534110",66
5844,"HN",5,62,27,"PI534160",65
5845,"HN",5,62,28,"PI595708",67
5846,"HN",5,62,29,"SC0854",66
5847,"HN",5,62,30,"PI533773",66
5848,"HN",5,62,31,"PI533954",63
5849,"HN",5,62,32,"PI533885",60
5850,"HN",5,62,33,"SC0741",72
5851,"HN",5,62,34,"PI534106",66
5852,"HN",5,62,35,"PI656024",76
5853,"HN",5,62,36,"PI656098",60
5854,"HN",5,62,37,"PI595701",62
5855,"HN",5,63,24,"PI534135",83
5856,"HN",5,63,25,"PI597971",66
5857,"HN",5,63,26,"SC0249",64
5858,"HN",5,63,27,"PI534093",62
5859,"HN",5,63,28,"PI534123",64
5860,"HN",5,63,29,"PI656028",78
5861,"HN",5,63,30,"PI533971",61
5862,"HN",5,63,31,"PI534053",74
5863,"HN",5,63,32,"PI564163",66
5864,"HN",5,63,33,"SC1166",73
5865,"HN",5,63,34,"PI534124",66
5866,"HN",5,63,35,"PI533936",68
5867,"HN",5,63,36,"PI595748",76
5868,"HN",5,63,37,"PI533909",64
5869,"HN",5,64,24,"SC0999",76
5870,"HN",5,64,25,"PI533763",55
5871,"HN",5,64,26,"PI576420",60
5872,"HN",5,64,27,"PI656100",78
5873,"HN",5,64,28,"PI533929",69
5874,"HN",5,64,29,"PI576335",64
5875,"HN",5,64,30,"PI533871",64
5876,"HN",5,64,31,"PI656071",79
5877,"HN",5,64,32,"SC0463",71
5878,"HN",5,64,33,"PI576391",76
5879,"HN",5,64,34,"SC0616",69
5880,"HN",5,64,35,"PI656043",60
5881,"HN",5,64,36,"PI565121",66
5882,"HN",5,64,37,"SC0631",64
5883,"HN",5,65,24,"PI533895",64
5884,"HN",5,65,25,"PI597978",66
5885,"HN",5,65,26,"PI595739",68
5886,"HN",5,65,27,"PI533961",65
5887,"HN",5,65,28,"SC0436",68
5888,"HN",5,65,29,"PI533952",66
5889,"HN",5,65,30,"PI595733",64
5890,"HN",5,65,31,"SC0517",60
5891,"HN",5,65,32,"PI533968",61
5892,"HN",5,65,33,"SC0814",76
5893,"HN",5,65,34,"PI564163",66
5894,"HN",5,65,35,"PI533792",61
5895,"HN",5,65,36,"PI656005",69
5896,"HN",5,65,37,"PI533837",67
5897,"HN",5,66,24,"PI534115",64
5898,"HN",5,66,25,"PI576428",68
5899,"HN",5,66,26,"PI534145",58
5900,"HN",5,66,27,"PI534006",83
5901,"HN",5,66,28,"PI534077",63
5902,"HN",5,66,29,"PI564163",67
5903,"HN",5,66,30,"PI153846",64
5904,"HN",5,66,31,"PI533791",56
5905,"HN",5,66,32,"PI564163",66
5906,"HN",5,66,33,"PI597979",61
5907,"HN",5,66,34,"PI534092",66
5908,"HN",5,66,35,"PI595724",70
5910,"HN",5,66,37,"PI656068",76
5911,"HN",5,67,24,"PI656082",78
5912,"HN",5,67,25,"PI533798",61
5913,"HN",5,67,26,"PI534013",82
5914,"HN",5,67,27,"PI534059",62
5915,"HN",5,67,28,"SC0412",64
5916,"HN",5,67,29,"PI534045",65
5917,"HN",5,67,30,"PI534121",75
5918,"HN",5,67,31,"PI533908",66
5919,"HN",5,67,32,"PI564163",66
5920,"HN",5,67,33,"PI534044",69
5921,"HN",5,67,34,"PI533756",84
5922,"HN",5,67,35,"PI576368",68
5923,"HN",5,67,36,"SC0618",76
5924,"HN",5,67,37,"PI534032",73
5925,"HN",5,68,24,"PI534061",62
5926,"HN",5,68,25,"PI534043",65
5927,"HN",5,68,26,"PI595730",51
5929,"HN",5,68,28,"PI533972",74
5930,"HN",5,68,29,"PI655973",69
5931,"HN",5,68,30,"PI595741",65
5932,"HN",5,68,31,"SC0640",66
5933,"HN",5,68,32,"SC0747",61
5934,"HN",5,68,33,"PI655976",64
5935,"HN",5,68,34,"PI534144",63
5936,"HN",5,68,35,"PI533831",76
5937,"HN",5,68,36,"PI534057",66
5938,"HN",5,68,37,"PI576348",66
5939,"HN",5,69,24,"PI564163",66
5940,"HN",5,69,25,"PI533813",71
5941,"HN",5,69,26,"PI533829",76
5942,"HN",5,69,27,"PI533984",61
5943,"HN",5,69,28,"PI534018",69
5944,"HN",5,69,29,"PI534156",76
5945,"HN",5,69,30,"PI534108",66
5946,"HN",5,69,31,"PI534075",63
5947,"HN",5,69,32,"PI655997",66
5948,"HN",5,69,33,"PI534148",66
5949,"HN",5,69,34,"PI534003",68
5950,"HN",5,69,35,"PI534132",68
5951,"HN",5,69,36,"PI533827",72
5952,"HN",5,69,37,"PI533775",64
5954,"HN",5,70,25,"PI576405",75
5955,"HN",5,70,26,"PI597972",66
5956,"HN",5,70,27,"PI655975",69
5957,"HN",5,70,28,"PI656120",64
5958,"HN",5,70,29,"PI534129",78
5959,"HN",5,70,30,"PI576387",61
5960,"HN",5,70,31,"PI564163",66
5961,"HN",5,70,32,"PI533768",62
5962,"HN",5,70,33,"PI533770",61
5963,"HN",5,70,34,"PI656083",64
5964,"HN",5,70,35,"PI534120",76
5965,"HN",5,70,36,"PI576434",80
5966,"HN",5,70,37,"SC0247",66
